의안번호,의원,정당,표결결과
2104473,강대식,국민의힘,찬성
2104473,강득구,더불어민주당,찬성
2104473,강민국,국민의힘,찬성
2104473,강병원,더불어민주당,찬성
2104473,강선우,더불어민주당,찬성
2104473,강훈식,더불어민주당,찬성
2104473,고민정,더불어민주당,찬성
2104473,구자근,국민의힘,찬성
2104473,권성동,국민의힘,찬성
2104473,권칠승,더불어민주당,찬성
2104473,기동민,더불어민주당,찬성
2104473,김경만,더불어민주당,찬성
2104473,김교흥,더불어민주당,찬성
2104473,김남국,더불어민주당,찬성
2104473,김도읍,국민의힘,찬성
2104473,김두관,더불어민주당,찬성
2104473,김민기,더불어민주당,찬성
2104473,김민석,더불어민주당,찬성
2104473,김민철,더불어민주당,찬성
2104473,김병기,더불어민주당,찬성
2104473,김병욱,더불어민주당,찬성
2104473,김병주,더불어민주당,찬성
2104473,김상희,더불어민주당,찬성
2104473,김석기,국민의힘,찬성
2104473,김선교,국민의힘,찬성
2104473,김성원,국민의힘,찬성
2104473,김성주,더불어민주당,찬성
2104473,김승남,더불어민주당,찬성
2104473,김승원,더불어민주당,찬성
2104473,김영식,국민의힘,기권
2104473,김영주,더불어민주당,찬성
2104473,김영진,더불어민주당,찬성
2104473,김영호,더불어민주당,찬성
2104473,김예지,국민의힘,찬성
2104473,김용민,더불어민주당,찬성
2104473,김용판,국민의힘,찬성
2104473,김원이,더불어민주당,찬성
2104473,김윤덕,더불어민주당,찬성
2104473,김정재,국민의힘,찬성
2104473,김정호,더불어민주당,찬성
2104473,김진표,더불어민주당,찬성
2104473,김철민,더불어민주당,찬성
2104473,김태년,더불어민주당,찬성
2104473,김태흠,국민의힘,기권
2104473,김형동,국민의힘,찬성
2104473,김회재,더불어민주당,찬성
2104473,김희곤,국민의힘,찬성
2104473,김희국,국민의힘,반대
2104473,노웅래,더불어민주당,찬성
2104473,도종환,더불어민주당,찬성
2104473,류성걸,국민의힘,찬성
2104473,맹성규,더불어민주당,찬성
2104473,문정복,더불어민주당,찬성
2104473,문진석,더불어민주당,찬성
2104473,민병덕,더불어민주당,찬성
2104473,민형배,더불어민주당,찬성
2104473,민홍철,더불어민주당,찬성
2104473,박광온,더불어민주당,찬성
2104473,박대수,국민의힘,찬성
2104473,박대출,국민의힘,기권
2104473,박병석,무소속,찬성
2104473,박성민,국민의힘,찬성
2104473,박성준,더불어민주당,찬성
2104473,박성중,국민의힘,기권
2104473,박영순,더불어민주당,찬성
2104473,박용진,더불어민주당,찬성
2104473,박재호,더불어민주당,찬성
2104473,박정,더불어민주당,찬성
2104473,박주민,더불어민주당,찬성
2104473,박진,국민의힘,찬성
2104473,박찬대,더불어민주당,찬성
2104473,박홍근,더불어민주당,찬성
2104473,배준영,국민의힘,찬성
2104473,백종헌,국민의힘,찬성
2104473,변재일,더불어민주당,찬성
2104473,서동용,더불어민주당,찬성
2104473,서범수,국민의힘,찬성
2104473,서병수,국민의힘,찬성
2104473,서삼석,더불어민주당,찬성
2104473,서영교,더불어민주당,찬성
2104473,서영석,더불어민주당,찬성
2104473,서일준,국민의힘,찬성
2104473,성일종,국민의힘,찬성
2104473,소병훈,더불어민주당,찬성
2104473,송갑석,더불어민주당,찬성
2104473,송기헌,더불어민주당,찬성
2104473,송석준,국민의힘,찬성
2104473,송언석,무소속,기권
2104473,송영길,더불어민주당,찬성
2104473,송재호,더불어민주당,찬성
2104473,신원식,국민의힘,찬성
2104473,신정훈,더불어민주당,찬성
2104473,신현영,더불어민주당,찬성
2104473,안규백,더불어민주당,찬성
2104473,안민석,더불어민주당,찬성
2104473,양경숙,더불어민주당,찬성
2104473,양금희,국민의힘,찬성
2104473,양기대,더불어민주당,찬성
2104473,양이원영,더불어민주당,찬성
2104473,양향자,더불어민주당,찬성
2104473,오기형,더불어민주당,찬성
2104473,오영훈,더불어민주당,찬성
2104473,용혜인,기본소득당,반대
2104473,우원식,더불어민주당,찬성
2104473,위성곤,더불어민주당,찬성
2104473,유동수,더불어민주당,찬성
2104473,유상범,국민의힘,찬성
2104473,유정주,더불어민주당,찬성
2104473,윤건영,더불어민주당,찬성
2104473,윤두현,국민의힘,반대
2104473,윤미향,더불어민주당,찬성
2104473,윤영덕,더불어민주당,찬성
2104473,윤영찬,더불어민주당,찬성
2104473,윤재갑,더불어민주당,찬성
2104473,윤준병,더불어민주당,찬성
2104473,윤창현,국민의힘,찬성
2104473,윤후덕,더불어민주당,찬성
2104473,윤희숙,국민의힘,기권
2104473,이개호,더불어민주당,찬성
2104473,이규민,더불어민주당,찬성
2104473,이명수,국민의힘,찬성
2104473,이상헌,더불어민주당,찬성
2104473,이성만,더불어민주당,찬성
2104473,이수진,더불어민주당,찬성
2104473,이수진,더불어민주당,찬성
2104473,이영,국민의힘,기권
2104473,이용빈,더불어민주당,찬성
2104473,이용선,더불어민주당,찬성
2104473,이원욱,더불어민주당,찬성
2104473,이은주,정의당,찬성
2104473,이장섭,더불어민주당,찬성
2104473,이재정,더불어민주당,찬성
2104473,이종배,국민의힘,찬성
2104473,이종성,국민의힘,찬성
2104473,이채익,국민의힘,찬성
2104473,이탄희,더불어민주당,찬성
2104473,이학영,더불어민주당,찬성
2104473,이해식,더불어민주당,찬성
2104473,이형석,더불어민주당,찬성
2104473,인재근,더불어민주당,찬성
2104473,임오경,더불어민주당,찬성
2104473,임이자,국민의힘,찬성
2104473,임종성,더불어민주당,찬성
2104473,임호선,더불어민주당,찬성
2104473,장경태,더불어민주당,찬성
2104473,장철민,더불어민주당,찬성
2104473,장혜영,정의당,찬성
2104473,전주혜,국민의힘,찬성
2104473,전혜숙,더불어민주당,찬성
2104473,정동만,국민의힘,찬성
2104473,정성호,더불어민주당,찬성
2104473,정운천,국민의힘,찬성
2104473,정일영,더불어민주당,찬성
2104473,정찬민,국민의힘,찬성
2104473,정청래,더불어민주당,찬성
2104473,정희용,국민의힘,찬성
2104473,조명희,국민의힘,찬성
2104473,조승래,더불어민주당,찬성
2104473,조오섭,더불어민주당,찬성
2104473,조정식,더불어민주당,찬성
2104473,조정훈,시대전환,찬성
2104473,조태용,국민의힘,찬성
2104473,지성호,국민의힘,찬성
2104473,진선미,더불어민주당,찬성
2104473,진성준,더불어민주당,찬성
2104473,천준호,더불어민주당,찬성
2104473,최강욱,열린민주당,찬성
2104473,최기상,더불어민주당,찬성
2104473,최승재,국민의힘,기권
2104473,최연숙,국민의당,기권
2104473,최인호,더불어민주당,찬성
2104473,최종윤,더불어민주당,찬성
2104473,최춘식,국민의힘,기권
2104473,최형두,국민의힘,찬성
2104473,최혜영,더불어민주당,찬성
2104473,추경호,국민의힘,찬성
2104473,태영호,국민의힘,찬성
2104473,하영제,국민의힘,찬성
2104473,한기호,국민의힘,찬성
2104473,한무경,국민의힘,기권
2104473,한병도,더불어민주당,찬성
2104473,허영,더불어민주당,찬성
2104473,허은아,국민의힘,찬성
2104473,허종식,더불어민주당,찬성
2104473,홍기원,더불어민주당,찬성
2104473,홍석준,국민의힘,기권
2104473,홍성국,더불어민주당,찬성
2104473,홍영표,더불어민주당,찬성
2104473,홍익표,더불어민주당,찬성
2104473,강민정,열린민주당,찬성
2104473,강준현,더불어민주당,찬성
2104473,고영인,더불어민주당,찬성
2104473,권인숙,더불어민주당,찬성
2104473,김경협,더불어민주당,찬성
2104473,김성환,더불어민주당,찬성
2104473,김수흥,더불어민주당,찬성
2104473,김영배,더불어민주당,찬성
2104473,김웅,국민의힘,기권
2104473,김주영,더불어민주당,찬성
2104473,김한정,더불어민주당,찬성
2104473,류호정,정의당,찬성
2104473,박상혁,더불어민주당,찬성
2104473,박완주,더불어민주당,찬성
2104473,박형수,국민의힘,찬성
2104473,배현진,국민의힘,찬성
2104473,백혜련,더불어민주당,찬성
2104473,설훈,더불어민주당,찬성
2104473,소병철,더불어민주당,찬성
2104473,송옥주,더불어민주당,찬성
2104473,신동근,더불어민주당,찬성
2104473,신영대,더불어민주당,찬성
2104473,안병길,국민의힘,찬성
2104473,안호영,더불어민주당,찬성
2104473,양정숙,무소속,찬성
2104473,어기구,더불어민주당,찬성
2104473,엄태영,국민의힘,찬성
2104473,오영환,더불어민주당,찬성
2104473,윤관석,더불어민주당,찬성
2104473,윤영석,국민의힘,찬성
2104473,윤주경,국민의힘,찬성
2104473,윤호중,더불어민주당,찬성
2104473,이달곤,국민의힘,찬성
2104473,이동주,더불어민주당,찬성
2104473,이만희,국민의힘,찬성
2104473,이용,국민의힘,찬성
2104473,이용우,더불어민주당,찬성
2104473,이원택,더불어민주당,찬성
2104473,이정문,더불어민주당,찬성
2104473,이주환,국민의힘,찬성
2104473,이헌승,국민의힘,찬성
2104473,전용기,더불어민주당,찬성
2104473,전재수,더불어민주당,찬성
2104473,정경희,국민의힘,기권
2104473,정춘숙,더불어민주당,찬성
2104473,정태호,더불어민주당,찬성
2104473,조수진,국민의힘,기권
2104473,조응천,더불어민주당,찬성
2104473,한준호,더불어민주당,찬성
2104473,홍정민,더불어민주당,찬성
2107252,강민국,국민의힘,찬성
2107252,강병원,더불어민주당,찬성
2107252,김경만,더불어민주당,찬성
2107252,김남국,더불어민주당,찬성
2107252,김두관,더불어민주당,찬성
2107252,김민기,더불어민주당,찬성
2107252,김병욱,더불어민주당,찬성
2107252,김상희,더불어민주당,찬성
2107252,김선교,국민의힘,찬성
2107252,김성주,더불어민주당,찬성
2107252,김영식,국민의힘,찬성
2107252,김예지,국민의힘,찬성
2107252,김원이,더불어민주당,찬성
2107252,김정호,더불어민주당,찬성
2107252,김진표,더불어민주당,찬성
2107252,도종환,더불어민주당,찬성
2107252,박병석,무소속,찬성
2107252,박성중,국민의힘,찬성
2107252,박용진,더불어민주당,찬성
2107252,서범수,국민의힘,찬성
2107252,서삼석,더불어민주당,찬성
2107252,송기헌,더불어민주당,찬성
2107252,송언석,무소속,찬성
2107252,송영길,더불어민주당,찬성
2107252,양경숙,더불어민주당,찬성
2107252,양금희,국민의힘,찬성
2107252,오기형,더불어민주당,찬성
2107252,오영훈,더불어민주당,찬성
2107252,윤영덕,더불어민주당,찬성
2107252,윤후덕,더불어민주당,찬성
2107252,이명수,국민의힘,찬성
2107252,이수진,더불어민주당,찬성
2107252,이영,국민의힘,찬성
2107252,이용빈,더불어민주당,찬성
2107252,이용선,더불어민주당,찬성
2107252,이종성,국민의힘,찬성
2107252,이채익,국민의힘,찬성
2107252,장철민,더불어민주당,찬성
2107252,전주혜,국민의힘,찬성
2107252,정성호,더불어민주당,찬성
2107252,정운천,국민의힘,찬성
2107252,정찬민,국민의힘,찬성
2107252,정청래,더불어민주당,찬성
2107252,조명희,국민의힘,찬성
2107252,조정훈,시대전환,찬성
2107252,조태용,국민의힘,찬성
2107252,주철현,더불어민주당,찬성
2107252,진선미,더불어민주당,찬성
2107252,진성준,더불어민주당,찬성
2107252,천준호,더불어민주당,찬성
2107252,홍기원,더불어민주당,찬성
2107252,홍성국,더불어민주당,찬성
2107252,강대식,국민의힘,찬성
2107252,강득구,더불어민주당,찬성
2107252,강민정,열린민주당,찬성
2107252,강선우,더불어민주당,찬성
2107252,강준현,더불어민주당,찬성
2107252,강훈식,더불어민주당,찬성
2107252,고민정,더불어민주당,찬성
2107252,고영인,더불어민주당,찬성
2107252,구자근,국민의힘,찬성
2107252,권성동,국민의힘,찬성
2107252,권인숙,더불어민주당,찬성
2107252,권칠승,더불어민주당,찬성
2107252,기동민,더불어민주당,찬성
2107252,김경협,더불어민주당,찬성
2107252,김교흥,더불어민주당,찬성
2107252,김도읍,국민의힘,찬성
2107252,김민석,더불어민주당,찬성
2107252,김민철,더불어민주당,찬성
2107252,김병기,더불어민주당,찬성
2107252,김병주,더불어민주당,찬성
2107252,김성원,국민의힘,찬성
2107252,김성환,더불어민주당,찬성
2107252,김수흥,더불어민주당,찬성
2107252,김승남,더불어민주당,찬성
2107252,김승원,더불어민주당,찬성
2107252,김영배,더불어민주당,찬성
2107252,김영주,더불어민주당,찬성
2107252,김영진,더불어민주당,찬성
2107252,김영호,더불어민주당,찬성
2107252,김용민,더불어민주당,찬성
2107252,김용판,국민의힘,찬성
2107252,김웅,국민의힘,찬성
2107252,김윤덕,더불어민주당,찬성
2107252,김은혜,국민의힘,찬성
2107252,김정재,국민의힘,찬성
2107252,김주영,더불어민주당,찬성
2107252,김철민,더불어민주당,찬성
2107252,김태년,더불어민주당,찬성
2107252,김태흠,국민의힘,찬성
2107252,김한정,더불어민주당,찬성
2107252,김형동,국민의힘,찬성
2107252,김홍걸,무소속,찬성
2107252,김회재,더불어민주당,찬성
2107252,김희곤,국민의힘,찬성
2107252,김희국,국민의힘,찬성
2107252,노웅래,더불어민주당,찬성
2107252,류성걸,국민의힘,찬성
2107252,류호정,정의당,찬성
2107252,맹성규,더불어민주당,찬성
2107252,문정복,더불어민주당,찬성
2107252,문진석,더불어민주당,찬성
2107252,민병덕,더불어민주당,찬성
2107252,민형배,더불어민주당,찬성
2107252,민홍철,더불어민주당,찬성
2107252,박광온,더불어민주당,찬성
2107252,박대수,국민의힘,찬성
2107252,박대출,국민의힘,찬성
2107252,박상혁,더불어민주당,찬성
2107252,박성민,국민의힘,찬성
2107252,박성준,더불어민주당,찬성
2107252,박영순,더불어민주당,찬성
2107252,박완주,더불어민주당,찬성
2107252,박재호,더불어민주당,찬성
2107252,박정,더불어민주당,찬성
2107252,박주민,더불어민주당,찬성
2107252,박진,국민의힘,찬성
2107252,박찬대,더불어민주당,찬성
2107252,박형수,국민의힘,찬성
2107252,박홍근,더불어민주당,찬성
2107252,배준영,국민의힘,찬성
2107252,배현진,국민의힘,찬성
2107252,백종헌,국민의힘,찬성
2107252,백혜련,더불어민주당,찬성
2107252,변재일,더불어민주당,찬성
2107252,서동용,더불어민주당,찬성
2107252,서병수,국민의힘,찬성
2107252,서영교,더불어민주당,찬성
2107252,서영석,더불어민주당,찬성
2107252,서일준,국민의힘,찬성
2107252,설훈,더불어민주당,찬성
2107252,성일종,국민의힘,찬성
2107252,소병철,더불어민주당,찬성
2107252,소병훈,더불어민주당,찬성
2107252,송갑석,더불어민주당,찬성
2107252,송석준,국민의힘,찬성
2107252,송옥주,더불어민주당,찬성
2107252,송재호,더불어민주당,찬성
2107252,신동근,더불어민주당,찬성
2107252,신영대,더불어민주당,찬성
2107252,신원식,국민의힘,찬성
2107252,신정훈,더불어민주당,찬성
2107252,신현영,더불어민주당,찬성
2107252,안규백,더불어민주당,찬성
2107252,안민석,더불어민주당,찬성
2107252,안병길,국민의힘,찬성
2107252,안호영,더불어민주당,찬성
2107252,양기대,더불어민주당,찬성
2107252,양이원영,더불어민주당,찬성
2107252,양정숙,무소속,찬성
2107252,양향자,더불어민주당,찬성
2107252,어기구,더불어민주당,찬성
2107252,엄태영,국민의힘,찬성
2107252,오영환,더불어민주당,찬성
2107252,용혜인,기본소득당,찬성
2107252,우원식,더불어민주당,찬성
2107252,위성곤,더불어민주당,찬성
2107252,유동수,더불어민주당,찬성
2107252,유상범,국민의힘,찬성
2107252,유정주,더불어민주당,찬성
2107252,윤건영,더불어민주당,찬성
2107252,윤관석,더불어민주당,찬성
2107252,윤두현,국민의힘,찬성
2107252,윤미향,더불어민주당,찬성
2107252,윤영석,국민의힘,찬성
2107252,윤영찬,더불어민주당,찬성
2107252,윤재갑,더불어민주당,찬성
2107252,윤주경,국민의힘,찬성
2107252,윤준병,더불어민주당,찬성
2107252,윤창현,국민의힘,찬성
2107252,윤호중,더불어민주당,찬성
2107252,윤희숙,국민의힘,찬성
2107252,이개호,더불어민주당,찬성
2107252,이규민,더불어민주당,찬성
2107252,이달곤,국민의힘,찬성
2107252,이동주,더불어민주당,찬성
2107252,이만희,국민의힘,찬성
2107252,이상헌,더불어민주당,찬성
2107252,이성만,더불어민주당,찬성
2107252,이수진,더불어민주당,찬성
2107252,이용,국민의힘,찬성
2107252,이용우,더불어민주당,찬성
2107252,이원욱,더불어민주당,찬성
2107252,이원택,더불어민주당,찬성
2107252,이은주,정의당,찬성
2107252,이재정,더불어민주당,찬성
2107252,이정문,더불어민주당,찬성
2107252,이종배,국민의힘,찬성
2107252,이주환,국민의힘,찬성
2107252,이탄희,더불어민주당,찬성
2107252,이학영,더불어민주당,찬성
2107252,이해식,더불어민주당,찬성
2107252,이헌승,국민의힘,찬성
2107252,이형석,더불어민주당,찬성
2107252,인재근,더불어민주당,찬성
2107252,임오경,더불어민주당,찬성
2107252,임이자,국민의힘,찬성
2107252,임종성,더불어민주당,찬성
2107252,임호선,더불어민주당,찬성
2107252,장경태,더불어민주당,찬성
2107252,장혜영,정의당,찬성
2107252,전용기,더불어민주당,찬성
2107252,전재수,더불어민주당,찬성
2107252,전혜숙,더불어민주당,찬성
2107252,정경희,국민의힘,찬성
2107252,정동만,국민의힘,찬성
2107252,정일영,더불어민주당,찬성
2107252,정춘숙,더불어민주당,찬성
2107252,정태호,더불어민주당,찬성
2107252,정필모,더불어민주당,찬성
2107252,정희용,국민의힘,찬성
2107252,조수진,국민의힘,찬성
2107252,조승래,더불어민주당,찬성
2107252,조오섭,더불어민주당,찬성
2107252,조응천,더불어민주당,찬성
2107252,조정식,더불어민주당,찬성
2107252,지성호,국민의힘,찬성
2107252,최강욱,열린민주당,찬성
2107252,최기상,더불어민주당,찬성
2107252,최승재,국민의힘,찬성
2107252,최인호,더불어민주당,찬성
2107252,최종윤,더불어민주당,찬성
2107252,최춘식,국민의힘,찬성
2107252,최형두,국민의힘,찬성
2107252,최혜영,더불어민주당,찬성
2107252,추경호,국민의힘,찬성
2107252,태영호,국민의힘,찬성
2107252,하영제,국민의힘,찬성
2107252,한기호,국민의힘,찬성
2107252,한무경,국민의힘,찬성
2107252,한병도,더불어민주당,찬성
2107252,한준호,더불어민주당,찬성
2107252,허영,더불어민주당,찬성
2107252,허은아,국민의힘,찬성
2107252,허종식,더불어민주당,찬성
2107252,홍석준,국민의힘,찬성
2107252,홍영표,더불어민주당,찬성
2107252,홍익표,더불어민주당,찬성
2107252,홍정민,더불어민주당,찬성
2107252,황희,더불어민주당,찬성
2103714,강민국,국민의힘,찬성
2103714,강병원,더불어민주당,찬성
2103714,김경만,더불어민주당,찬성
2103714,김남국,더불어민주당,찬성
2103714,김두관,더불어민주당,찬성
2103714,김민기,더불어민주당,찬성
2103714,김민철,더불어민주당,찬성
2103714,김병욱,더불어민주당,찬성
2103714,김상희,더불어민주당,찬성
2103714,김선교,국민의힘,찬성
2103714,김성주,더불어민주당,찬성
2103714,김영식,국민의힘,찬성
2103714,김영주,더불어민주당,찬성
2103714,김예지,국민의힘,기권
2103714,김원이,더불어민주당,찬성
2103714,김정호,더불어민주당,찬성
2103714,김진표,더불어민주당,찬성
2103714,김철민,더불어민주당,찬성
2103714,김회재,더불어민주당,찬성
2103714,도종환,더불어민주당,찬성
2103714,박광온,더불어민주당,찬성
2103714,박병석,무소속,찬성
2103714,박성중,국민의힘,찬성
2103714,박용진,더불어민주당,찬성
2103714,박홍근,더불어민주당,찬성
2103714,배준영,국민의힘,찬성
2103714,서범수,국민의힘,찬성
2103714,서삼석,더불어민주당,찬성
2103714,성일종,국민의힘,찬성
2103714,송기헌,더불어민주당,찬성
2103714,송언석,무소속,찬성
2103714,송영길,더불어민주당,찬성
2103714,신현영,더불어민주당,찬성
2103714,안규백,더불어민주당,찬성
2103714,양경숙,더불어민주당,찬성
2103714,양금희,국민의힘,찬성
2103714,양이원영,더불어민주당,찬성
2103714,오기형,더불어민주당,찬성
2103714,오영훈,더불어민주당,찬성
2103714,윤두현,국민의힘,찬성
2103714,윤영덕,더불어민주당,찬성
2103714,윤준병,더불어민주당,찬성
2103714,윤후덕,더불어민주당,찬성
2103714,이명수,국민의힘,찬성
2103714,이수진,더불어민주당,찬성
2103714,이영,국민의힘,찬성
2103714,이용빈,더불어민주당,찬성
2103714,이용선,더불어민주당,찬성
2103714,이종성,국민의힘,찬성
2103714,이채익,국민의힘,찬성
2103714,인재근,더불어민주당,찬성
2103714,임호선,더불어민주당,찬성
2103714,장철민,더불어민주당,찬성
2103714,전주혜,국민의힘,찬성
2103714,정성호,더불어민주당,찬성
2103714,정찬민,국민의힘,찬성
2103714,정청래,더불어민주당,찬성
2103714,조명희,국민의힘,찬성
2103714,조정훈,시대전환,찬성
2103714,조태용,국민의힘,찬성
2103714,주철현,더불어민주당,찬성
2103714,진선미,더불어민주당,찬성
2103714,진성준,더불어민주당,찬성
2103714,천준호,더불어민주당,찬성
2103714,홍기원,더불어민주당,찬성
2103714,홍석준,국민의힘,찬성
2103714,홍성국,더불어민주당,찬성
2103714,강대식,국민의힘,찬성
2103714,강득구,더불어민주당,찬성
2103714,강민정,열린민주당,찬성
2103714,강선우,더불어민주당,찬성
2103714,강준현,더불어민주당,찬성
2103714,강훈식,더불어민주당,찬성
2103714,고민정,더불어민주당,찬성
2103714,고영인,더불어민주당,찬성
2103714,구자근,국민의힘,찬성
2103714,권성동,국민의힘,찬성
2103714,권인숙,더불어민주당,찬성
2103714,권칠승,더불어민주당,찬성
2103714,기동민,더불어민주당,찬성
2103714,김경협,더불어민주당,찬성
2103714,김교흥,더불어민주당,찬성
2103714,김도읍,국민의힘,찬성
2103714,김민석,더불어민주당,찬성
2103714,김병기,더불어민주당,찬성
2103714,김병주,더불어민주당,찬성
2103714,김성원,국민의힘,찬성
2103714,김성환,더불어민주당,찬성
2103714,김수흥,더불어민주당,찬성
2103714,김승남,더불어민주당,찬성
2103714,김승원,더불어민주당,찬성
2103714,김영배,더불어민주당,찬성
2103714,김영진,더불어민주당,찬성
2103714,김영호,더불어민주당,찬성
2103714,김용민,더불어민주당,찬성
2103714,김용판,국민의힘,찬성
2103714,김웅,국민의힘,찬성
2103714,김은혜,국민의힘,찬성
2103714,김정재,국민의힘,찬성
2103714,김태년,더불어민주당,찬성
2103714,김태흠,국민의힘,찬성
2103714,김한정,더불어민주당,찬성
2103714,김형동,국민의힘,찬성
2103714,김홍걸,무소속,찬성
2103714,김희곤,국민의힘,찬성
2103714,김희국,국민의힘,찬성
2103714,노웅래,더불어민주당,찬성
2103714,류성걸,국민의힘,찬성
2103714,류호정,정의당,찬성
2103714,맹성규,더불어민주당,찬성
2103714,문정복,더불어민주당,찬성
2103714,문진석,더불어민주당,찬성
2103714,민병덕,더불어민주당,찬성
2103714,민형배,더불어민주당,찬성
2103714,민홍철,더불어민주당,찬성
2103714,박대수,국민의힘,찬성
2103714,박대출,국민의힘,찬성
2103714,박상혁,더불어민주당,찬성
2103714,박성민,국민의힘,찬성
2103714,박성준,더불어민주당,찬성
2103714,박영순,더불어민주당,찬성
2103714,박완주,더불어민주당,찬성
2103714,박재호,더불어민주당,찬성
2103714,박정,더불어민주당,찬성
2103714,박주민,더불어민주당,찬성
2103714,박진,국민의힘,찬성
2103714,박찬대,더불어민주당,찬성
2103714,박형수,국민의힘,찬성
2103714,배현진,국민의힘,찬성
2103714,백종헌,국민의힘,찬성
2103714,백혜련,더불어민주당,찬성
2103714,변재일,더불어민주당,찬성
2103714,서동용,더불어민주당,찬성
2103714,서병수,국민의힘,찬성
2103714,서영교,더불어민주당,찬성
2103714,서영석,더불어민주당,찬성
2103714,서일준,국민의힘,찬성
2103714,설훈,더불어민주당,찬성
2103714,소병철,더불어민주당,찬성
2103714,소병훈,더불어민주당,찬성
2103714,송갑석,더불어민주당,찬성
2103714,송석준,국민의힘,찬성
2103714,송옥주,더불어민주당,찬성
2103714,송재호,더불어민주당,찬성
2103714,신동근,더불어민주당,찬성
2103714,신영대,더불어민주당,찬성
2103714,신원식,국민의힘,찬성
2103714,신정훈,더불어민주당,찬성
2103714,안민석,더불어민주당,찬성
2103714,안병길,국민의힘,찬성
2103714,안호영,더불어민주당,찬성
2103714,양기대,더불어민주당,찬성
2103714,양향자,더불어민주당,찬성
2103714,어기구,더불어민주당,찬성
2103714,엄태영,국민의힘,찬성
2103714,오영환,더불어민주당,찬성
2103714,용혜인,기본소득당,찬성
2103714,우원식,더불어민주당,찬성
2103714,위성곤,더불어민주당,찬성
2103714,유동수,더불어민주당,찬성
2103714,유상범,국민의힘,찬성
2103714,유정주,더불어민주당,찬성
2103714,윤건영,더불어민주당,찬성
2103714,윤관석,더불어민주당,찬성
2103714,윤미향,더불어민주당,찬성
2103714,윤영석,국민의힘,찬성
2103714,윤영찬,더불어민주당,찬성
2103714,윤재갑,더불어민주당,찬성
2103714,윤주경,국민의힘,찬성
2103714,윤창현,국민의힘,찬성
2103714,윤호중,더불어민주당,찬성
2103714,윤희숙,국민의힘,찬성
2103714,이개호,더불어민주당,찬성
2103714,이규민,더불어민주당,찬성
2103714,이달곤,국민의힘,찬성
2103714,이동주,더불어민주당,찬성
2103714,이만희,국민의힘,찬성
2103714,이상헌,더불어민주당,찬성
2103714,이성만,더불어민주당,찬성
2103714,이수진,더불어민주당,찬성
2103714,이용,국민의힘,찬성
2103714,이용우,더불어민주당,찬성
2103714,이원욱,더불어민주당,찬성
2103714,이원택,더불어민주당,찬성
2103714,이은주,정의당,찬성
2103714,이장섭,더불어민주당,찬성
2103714,이재정,더불어민주당,찬성
2103714,이정문,더불어민주당,찬성
2103714,이종배,국민의힘,찬성
2103714,이주환,국민의힘,찬성
2103714,이탄희,더불어민주당,찬성
2103714,이학영,더불어민주당,찬성
2103714,이해식,더불어민주당,찬성
2103714,이헌승,국민의힘,찬성
2103714,이형석,더불어민주당,찬성
2103714,임오경,더불어민주당,찬성
2103714,임이자,국민의힘,찬성
2103714,임종성,더불어민주당,찬성
2103714,장경태,더불어민주당,찬성
2103714,장혜영,정의당,찬성
2103714,전용기,더불어민주당,찬성
2103714,전재수,더불어민주당,찬성
2103714,전혜숙,더불어민주당,찬성
2103714,정경희,국민의힘,찬성
2103714,정동만,국민의힘,찬성
2103714,정일영,더불어민주당,찬성
2103714,정춘숙,더불어민주당,찬성
2103714,정태호,더불어민주당,찬성
2103714,정필모,더불어민주당,찬성
2103714,정희용,국민의힘,찬성
2103714,조수진,국민의힘,찬성
2103714,조승래,더불어민주당,찬성
2103714,조오섭,더불어민주당,기권
2103714,조응천,더불어민주당,찬성
2103714,조정식,더불어민주당,찬성
2103714,지성호,국민의힘,찬성
2103714,최강욱,열린민주당,찬성
2103714,최기상,더불어민주당,찬성
2103714,최승재,국민의힘,찬성
2103714,최인호,더불어민주당,찬성
2103714,최종윤,더불어민주당,찬성
2103714,최춘식,국민의힘,찬성
2103714,최형두,국민의힘,찬성
2103714,최혜영,더불어민주당,찬성
2103714,추경호,국민의힘,찬성
2103714,태영호,국민의힘,찬성
2103714,하영제,국민의힘,찬성
2103714,한기호,국민의힘,찬성
2103714,한무경,국민의힘,찬성
2103714,한병도,더불어민주당,찬성
2103714,한준호,더불어민주당,찬성
2103714,허영,더불어민주당,찬성
2103714,허은아,국민의힘,찬성
2103714,허종식,더불어민주당,찬성
2103714,홍영표,더불어민주당,찬성
2103714,홍익표,더불어민주당,찬성
2103714,홍정민,더불어민주당,찬성
2103714,황희,더불어민주당,찬성
2103134,강민국,국민의힘,찬성
2103134,강병원,더불어민주당,찬성
2103134,구자근,국민의힘,찬성
2103134,김경만,더불어민주당,찬성
2103134,김남국,더불어민주당,찬성
2103134,김두관,더불어민주당,찬성
2103134,김민기,더불어민주당,찬성
2103134,김민철,더불어민주당,찬성
2103134,김병욱,더불어민주당,찬성
2103134,김상희,더불어민주당,찬성
2103134,김선교,국민의힘,찬성
2103134,김성원,국민의힘,찬성
2103134,김성주,더불어민주당,찬성
2103134,김영식,국민의힘,찬성
2103134,김영주,더불어민주당,찬성
2103134,김예지,국민의힘,찬성
2103134,김원이,더불어민주당,찬성
2103134,김정호,더불어민주당,찬성
2103134,김진표,더불어민주당,찬성
2103134,김철민,더불어민주당,찬성
2103134,김회재,더불어민주당,찬성
2103134,도종환,더불어민주당,찬성
2103134,박병석,무소속,찬성
2103134,박성중,국민의힘,찬성
2103134,박용진,더불어민주당,찬성
2103134,박홍근,더불어민주당,기권
2103134,배준영,국민의힘,찬성
2103134,서범수,국민의힘,찬성
2103134,서삼석,더불어민주당,찬성
2103134,성일종,국민의힘,찬성
2103134,송기헌,더불어민주당,찬성
2103134,송영길,더불어민주당,찬성
2103134,신현영,더불어민주당,찬성
2103134,안규백,더불어민주당,찬성
2103134,양경숙,더불어민주당,찬성
2103134,양금희,국민의힘,찬성
2103134,양이원영,더불어민주당,찬성
2103134,오기형,더불어민주당,찬성
2103134,오영훈,더불어민주당,찬성
2103134,윤두현,국민의힘,찬성
2103134,윤영덕,더불어민주당,찬성
2103134,윤준병,더불어민주당,찬성
2103134,윤창현,국민의힘,찬성
2103134,윤후덕,더불어민주당,찬성
2103134,이명수,국민의힘,찬성
2103134,이병훈,더불어민주당,찬성
2103134,이수진,더불어민주당,찬성
2103134,이영,국민의힘,찬성
2103134,이용빈,더불어민주당,찬성
2103134,이용선,더불어민주당,찬성
2103134,이종성,국민의힘,찬성
2103134,이채익,국민의힘,찬성
2103134,인재근,더불어민주당,찬성
2103134,임호선,더불어민주당,찬성
2103134,장철민,더불어민주당,찬성
2103134,전주혜,국민의힘,찬성
2103134,정성호,더불어민주당,찬성
2103134,정운천,국민의힘,찬성
2103134,정찬민,국민의힘,찬성
2103134,정청래,더불어민주당,찬성
2103134,조명희,국민의힘,찬성
2103134,조정훈,시대전환,찬성
2103134,조태용,국민의힘,찬성
2103134,주철현,더불어민주당,찬성
2103134,진선미,더불어민주당,찬성
2103134,진성준,더불어민주당,찬성
2103134,천준호,더불어민주당,찬성
2103134,한병도,더불어민주당,찬성
2103134,허종식,더불어민주당,찬성
2103134,홍기원,더불어민주당,찬성
2103134,홍석준,국민의힘,찬성
2103134,홍성국,더불어민주당,찬성
2103134,강대식,국민의힘,찬성
2103134,강득구,더불어민주당,찬성
2103134,강민정,열린민주당,찬성
2103134,강선우,더불어민주당,찬성
2103134,강준현,더불어민주당,찬성
2103134,강훈식,더불어민주당,찬성
2103134,고민정,더불어민주당,찬성
2103134,고영인,더불어민주당,찬성
2103134,권성동,국민의힘,찬성
2103134,권인숙,더불어민주당,찬성
2103134,권칠승,더불어민주당,찬성
2103134,기동민,더불어민주당,찬성
2103134,김경협,더불어민주당,찬성
2103134,김교흥,더불어민주당,찬성
2103134,김도읍,국민의힘,찬성
2103134,김민석,더불어민주당,찬성
2103134,김병기,더불어민주당,찬성
2103134,김병주,더불어민주당,찬성
2103134,김석기,국민의힘,찬성
2103134,김성환,더불어민주당,찬성
2103134,김수흥,더불어민주당,찬성
2103134,김승남,더불어민주당,찬성
2103134,김승원,더불어민주당,찬성
2103134,김영배,더불어민주당,찬성
2103134,김영진,더불어민주당,찬성
2103134,김영호,더불어민주당,찬성
2103134,김용민,더불어민주당,찬성
2103134,김용판,국민의힘,찬성
2103134,김웅,국민의힘,찬성
2103134,김윤덕,더불어민주당,찬성
2103134,김은혜,국민의힘,찬성
2103134,김정재,국민의힘,찬성
2103134,김태년,더불어민주당,찬성
2103134,김태흠,국민의힘,찬성
2103134,김한정,더불어민주당,찬성
2103134,김형동,국민의힘,찬성
2103134,김홍걸,무소속,찬성
2103134,김희곤,국민의힘,찬성
2103134,김희국,국민의힘,찬성
2103134,노웅래,더불어민주당,찬성
2103134,류성걸,국민의힘,찬성
2103134,류호정,정의당,찬성
2103134,맹성규,더불어민주당,찬성
2103134,문정복,더불어민주당,찬성
2103134,문진석,더불어민주당,찬성
2103134,민병덕,더불어민주당,찬성
2103134,민형배,더불어민주당,찬성
2103134,민홍철,더불어민주당,찬성
2103134,박대수,국민의힘,찬성
2103134,박대출,국민의힘,찬성
2103134,박상혁,더불어민주당,찬성
2103134,박성민,국민의힘,찬성
2103134,박성준,더불어민주당,찬성
2103134,박영순,더불어민주당,찬성
2103134,박완주,더불어민주당,찬성
2103134,박재호,더불어민주당,찬성
2103134,박정,더불어민주당,찬성
2103134,박주민,더불어민주당,찬성
2103134,박진,국민의힘,찬성
2103134,박찬대,더불어민주당,찬성
2103134,박형수,국민의힘,찬성
2103134,배현진,국민의힘,찬성
2103134,백종헌,국민의힘,찬성
2103134,백혜련,더불어민주당,찬성
2103134,변재일,더불어민주당,찬성
2103134,서동용,더불어민주당,찬성
2103134,서병수,국민의힘,찬성
2103134,서영교,더불어민주당,찬성
2103134,서영석,더불어민주당,찬성
2103134,서일준,국민의힘,찬성
2103134,설훈,더불어민주당,찬성
2103134,소병철,더불어민주당,찬성
2103134,소병훈,더불어민주당,찬성
2103134,송갑석,더불어민주당,찬성
2103134,송석준,국민의힘,찬성
2103134,송옥주,더불어민주당,찬성
2103134,송재호,더불어민주당,찬성
2103134,신동근,더불어민주당,찬성
2103134,신영대,더불어민주당,찬성
2103134,신원식,국민의힘,찬성
2103134,신정훈,더불어민주당,찬성
2103134,안민석,더불어민주당,찬성
2103134,안병길,국민의힘,찬성
2103134,양기대,더불어민주당,찬성
2103134,양정숙,무소속,찬성
2103134,양향자,더불어민주당,찬성
2103134,어기구,더불어민주당,찬성
2103134,엄태영,국민의힘,찬성
2103134,오영환,더불어민주당,찬성
2103134,용혜인,기본소득당,찬성
2103134,우원식,더불어민주당,찬성
2103134,위성곤,더불어민주당,찬성
2103134,유기홍,더불어민주당,찬성
2103134,유동수,더불어민주당,찬성
2103134,유상범,국민의힘,찬성
2103134,유정주,더불어민주당,찬성
2103134,윤건영,더불어민주당,찬성
2103134,윤관석,더불어민주당,찬성
2103134,윤미향,더불어민주당,찬성
2103134,윤영석,국민의힘,찬성
2103134,윤영찬,더불어민주당,찬성
2103134,윤재갑,더불어민주당,찬성
2103134,윤주경,국민의힘,찬성
2103134,윤호중,더불어민주당,찬성
2103134,윤희숙,국민의힘,찬성
2103134,이개호,더불어민주당,찬성
2103134,이규민,더불어민주당,찬성
2103134,이달곤,국민의힘,찬성
2103134,이동주,더불어민주당,찬성
2103134,이만희,국민의힘,찬성
2103134,이상헌,더불어민주당,찬성
2103134,이성만,더불어민주당,찬성
2103134,이수진,더불어민주당,찬성
2103134,이용,국민의힘,찬성
2103134,이용우,더불어민주당,찬성
2103134,이원욱,더불어민주당,찬성
2103134,이원택,더불어민주당,찬성
2103134,이은주,정의당,찬성
2103134,이장섭,더불어민주당,찬성
2103134,이재정,더불어민주당,찬성
2103134,이정문,더불어민주당,찬성
2103134,이종배,국민의힘,찬성
2103134,이주환,국민의힘,찬성
2103134,이학영,더불어민주당,찬성
2103134,이해식,더불어민주당,찬성
2103134,이헌승,국민의힘,찬성
2103134,이형석,더불어민주당,찬성
2103134,임오경,더불어민주당,찬성
2103134,임이자,국민의힘,찬성
2103134,임종성,더불어민주당,찬성
2103134,장경태,더불어민주당,찬성
2103134,장혜영,정의당,찬성
2103134,전용기,더불어민주당,찬성
2103134,전재수,더불어민주당,찬성
2103134,전혜숙,더불어민주당,찬성
2103134,정경희,국민의힘,찬성
2103134,정동만,국민의힘,찬성
2103134,정일영,더불어민주당,찬성
2103134,정춘숙,더불어민주당,찬성
2103134,정태호,더불어민주당,찬성
2103134,정필모,더불어민주당,찬성
2103134,정희용,국민의힘,찬성
2103134,조수진,국민의힘,찬성
2103134,조승래,더불어민주당,찬성
2103134,조오섭,더불어민주당,찬성
2103134,조응천,더불어민주당,찬성
2103134,조정식,더불어민주당,찬성
2103134,지성호,국민의힘,찬성
2103134,최강욱,열린민주당,찬성
2103134,최기상,더불어민주당,찬성
2103134,최승재,국민의힘,찬성
2103134,최종윤,더불어민주당,찬성
2103134,최춘식,국민의힘,찬성
2103134,최형두,국민의힘,찬성
2103134,최혜영,더불어민주당,찬성
2103134,추경호,국민의힘,찬성
2103134,태영호,국민의힘,찬성
2103134,하영제,국민의힘,찬성
2103134,한기호,국민의힘,찬성
2103134,한무경,국민의힘,찬성
2103134,한준호,더불어민주당,찬성
2103134,허영,더불어민주당,찬성
2103134,허은아,국민의힘,찬성
2103134,홍영표,더불어민주당,찬성
2103134,홍익표,더불어민주당,찬성
2103134,홍정민,더불어민주당,찬성
2103134,황희,더불어민주당,찬성
2104557,강민국,국민의힘,기권
2104557,강병원,더불어민주당,찬성
2104557,강훈식,더불어민주당,찬성
2104557,구자근,국민의힘,기권
2104557,권성동,국민의힘,기권
2104557,권영세,국민의힘,찬성
2104557,권칠승,더불어민주당,찬성
2104557,김경만,더불어민주당,찬성
2104557,김교흥,더불어민주당,찬성
2104557,김남국,더불어민주당,찬성
2104557,김두관,더불어민주당,찬성
2104557,김민기,더불어민주당,찬성
2104557,김민철,더불어민주당,찬성
2104557,김병욱,더불어민주당,찬성
2104557,김병주,더불어민주당,찬성
2104557,김상희,더불어민주당,기권
2104557,김선교,국민의힘,찬성
2104557,김성원,국민의힘,찬성
2104557,김성주,더불어민주당,찬성
2104557,김영식,국민의힘,기권
2104557,김영주,더불어민주당,찬성
2104557,김예지,국민의힘,찬성
2104557,김용민,더불어민주당,찬성
2104557,김용판,국민의힘,찬성
2104557,김원이,더불어민주당,찬성
2104557,김정재,국민의힘,찬성
2104557,김정호,더불어민주당,찬성
2104557,김진표,더불어민주당,찬성
2104557,김철민,더불어민주당,찬성
2104557,김태년,더불어민주당,찬성
2104557,김태흠,국민의힘,찬성
2104557,김회재,더불어민주당,찬성
2104557,김희곤,국민의힘,찬성
2104557,노웅래,더불어민주당,찬성
2104557,도종환,더불어민주당,찬성
2104557,류성걸,국민의힘,찬성
2104557,맹성규,더불어민주당,찬성
2104557,문진석,더불어민주당,찬성
2104557,민형배,더불어민주당,찬성
2104557,박광온,더불어민주당,찬성
2104557,박병석,무소속,찬성
2104557,박성중,국민의힘,기권
2104557,박영순,더불어민주당,찬성
2104557,박용진,더불어민주당,찬성
2104557,박찬대,더불어민주당,찬성
2104557,박홍근,더불어민주당,찬성
2104557,배준영,국민의힘,찬성
2104557,변재일,더불어민주당,찬성
2104557,서동용,더불어민주당,찬성
2104557,서범수,국민의힘,찬성
2104557,서병수,국민의힘,찬성
2104557,서삼석,더불어민주당,찬성
2104557,서영석,더불어민주당,찬성
2104557,성일종,국민의힘,찬성
2104557,송기헌,더불어민주당,찬성
2104557,송영길,더불어민주당,찬성
2104557,송재호,더불어민주당,찬성
2104557,신원식,국민의힘,찬성
2104557,신현영,더불어민주당,찬성
2104557,양경숙,더불어민주당,찬성
2104557,양금희,국민의힘,기권
2104557,양이원영,더불어민주당,찬성
2104557,오기형,더불어민주당,찬성
2104557,오영훈,더불어민주당,찬성
2104557,우원식,더불어민주당,찬성
2104557,윤두현,국민의힘,반대
2104557,윤미향,더불어민주당,기권
2104557,윤영덕,더불어민주당,찬성
2104557,윤영찬,더불어민주당,찬성
2104557,윤재갑,더불어민주당,찬성
2104557,윤준병,더불어민주당,찬성
2104557,윤창현,국민의힘,찬성
2104557,윤후덕,더불어민주당,찬성
2104557,윤희숙,국민의힘,찬성
2104557,이명수,국민의힘,찬성
2104557,이병훈,더불어민주당,찬성
2104557,이상헌,더불어민주당,찬성
2104557,이성만,더불어민주당,찬성
2104557,이수진,더불어민주당,찬성
2104557,이영,국민의힘,찬성
2104557,이용빈,더불어민주당,찬성
2104557,이용선,더불어민주당,찬성
2104557,이원욱,더불어민주당,찬성
2104557,이재정,더불어민주당,찬성
2104557,이종성,국민의힘,기권
2104557,이채익,국민의힘,찬성
2104557,인재근,더불어민주당,찬성
2104557,임오경,더불어민주당,찬성
2104557,임이자,국민의힘,찬성
2104557,임호선,더불어민주당,찬성
2104557,장경태,더불어민주당,찬성
2104557,장철민,더불어민주당,찬성
2104557,장혜영,정의당,찬성
2104557,전주혜,국민의힘,찬성
2104557,정동만,국민의힘,찬성
2104557,정성호,더불어민주당,반대
2104557,정운천,국민의힘,찬성
2104557,정찬민,국민의힘,찬성
2104557,정청래,더불어민주당,찬성
2104557,정희용,국민의힘,기권
2104557,조명희,국민의힘,기권
2104557,조승래,더불어민주당,찬성
2104557,조오섭,더불어민주당,찬성
2104557,조정식,더불어민주당,찬성
2104557,조정훈,시대전환,찬성
2104557,조태용,국민의힘,찬성
2104557,주철현,더불어민주당,찬성
2104557,진선미,더불어민주당,찬성
2104557,진성준,더불어민주당,찬성
2104557,천준호,더불어민주당,찬성
2104557,최강욱,열린민주당,찬성
2104557,최춘식,국민의힘,기권
2104557,태영호,국민의힘,찬성
2104557,한병도,더불어민주당,찬성
2104557,허은아,국민의힘,반대
2104557,허종식,더불어민주당,찬성
2104557,홍기원,더불어민주당,찬성
2104557,홍석준,국민의힘,찬성
2104557,홍성국,더불어민주당,찬성
2104557,홍익표,더불어민주당,찬성
2104557,강대식,국민의힘,기권
2104557,강득구,더불어민주당,찬성
2104557,강민정,열린민주당,찬성
2104557,강선우,더불어민주당,찬성
2104557,강준현,더불어민주당,찬성
2104557,고민정,더불어민주당,찬성
2104557,고영인,더불어민주당,찬성
2104557,곽상도,국민의힘,반대
2104557,권인숙,더불어민주당,찬성
2104557,기동민,더불어민주당,찬성
2104557,김경협,더불어민주당,찬성
2104557,김도읍,국민의힘,찬성
2104557,김민석,더불어민주당,찬성
2104557,김병기,더불어민주당,찬성
2104557,김성환,더불어민주당,찬성
2104557,김수흥,더불어민주당,찬성
2104557,김승남,더불어민주당,찬성
2104557,김승원,더불어민주당,찬성
2104557,김영배,더불어민주당,찬성
2104557,김영진,더불어민주당,찬성
2104557,김영호,더불어민주당,찬성
2104557,김웅,국민의힘,반대
2104557,김윤덕,더불어민주당,찬성
2104557,김은혜,국민의힘,기권
2104557,김주영,더불어민주당,찬성
2104557,김한정,더불어민주당,찬성
2104557,김형동,국민의힘,반대
2104557,김홍걸,무소속,찬성
2104557,김희국,국민의힘,찬성
2104557,류호정,정의당,찬성
2104557,문정복,더불어민주당,찬성
2104557,민병덕,더불어민주당,찬성
2104557,민홍철,더불어민주당,찬성
2104557,박대출,국민의힘,찬성
2104557,박상혁,더불어민주당,찬성
2104557,박성민,국민의힘,찬성
2104557,박성준,더불어민주당,찬성
2104557,박완주,더불어민주당,찬성
2104557,박재호,더불어민주당,찬성
2104557,박정,더불어민주당,찬성
2104557,박주민,더불어민주당,찬성
2104557,박진,국민의힘,찬성
2104557,박형수,국민의힘,기권
2104557,배현진,국민의힘,기권
2104557,백종헌,국민의힘,찬성
2104557,백혜련,더불어민주당,찬성
2104557,서영교,더불어민주당,찬성
2104557,서일준,국민의힘,찬성
2104557,설훈,더불어민주당,찬성
2104557,소병철,더불어민주당,찬성
2104557,소병훈,더불어민주당,찬성
2104557,송갑석,더불어민주당,찬성
2104557,송석준,국민의힘,찬성
2104557,송옥주,더불어민주당,찬성
2104557,신동근,더불어민주당,찬성
2104557,신영대,더불어민주당,찬성
2104557,신정훈,더불어민주당,찬성
2104557,안민석,더불어민주당,찬성
2104557,안병길,국민의힘,찬성
2104557,안호영,더불어민주당,찬성
2104557,양기대,더불어민주당,찬성
2104557,양정숙,무소속,찬성
2104557,양향자,더불어민주당,찬성
2104557,어기구,더불어민주당,찬성
2104557,엄태영,국민의힘,찬성
2104557,오영환,더불어민주당,찬성
2104557,용혜인,기본소득당,찬성
2104557,위성곤,더불어민주당,찬성
2104557,유기홍,더불어민주당,찬성
2104557,유동수,더불어민주당,찬성
2104557,유상범,국민의힘,기권
2104557,유정주,더불어민주당,찬성
2104557,윤건영,더불어민주당,찬성
2104557,윤관석,더불어민주당,찬성
2104557,윤영석,국민의힘,찬성
2104557,윤주경,국민의힘,반대
2104557,윤호중,더불어민주당,찬성
2104557,이개호,더불어민주당,찬성
2104557,이규민,더불어민주당,찬성
2104557,이달곤,국민의힘,찬성
2104557,이동주,더불어민주당,찬성
2104557,이만희,국민의힘,찬성
2104557,이수진,더불어민주당,찬성
2104557,이용,국민의힘,찬성
2104557,이용우,더불어민주당,찬성
2104557,이원택,더불어민주당,찬성
2104557,이은주,정의당,찬성
2104557,이장섭,더불어민주당,찬성
2104557,이정문,더불어민주당,찬성
2104557,이종배,국민의힘,기권
2104557,이주환,국민의힘,찬성
2104557,이탄희,더불어민주당,찬성
2104557,이태규,국민의당,기권
2104557,이학영,더불어민주당,찬성
2104557,이해식,더불어민주당,찬성
2104557,이헌승,국민의힘,찬성
2104557,이형석,더불어민주당,찬성
2104557,임종성,더불어민주당,찬성
2104557,전용기,더불어민주당,찬성
2104557,전재수,더불어민주당,찬성
2104557,전혜숙,더불어민주당,찬성
2104557,정경희,국민의힘,기권
2104557,정일영,더불어민주당,찬성
2104557,정춘숙,더불어민주당,찬성
2104557,정태호,더불어민주당,찬성
2104557,정필모,더불어민주당,찬성
2104557,조수진,국민의힘,찬성
2104557,조응천,더불어민주당,기권
2104557,지성호,국민의힘,기권
2104557,최기상,더불어민주당,찬성
2104557,최승재,국민의힘,찬성
2104557,최인호,더불어민주당,찬성
2104557,최종윤,더불어민주당,찬성
2104557,최형두,국민의힘,기권
2104557,최혜영,더불어민주당,찬성
2104557,추경호,국민의힘,기권
2104557,하영제,국민의힘,찬성
2104557,한기호,국민의힘,기권
2104557,한무경,국민의힘,기권
2104557,한준호,더불어민주당,찬성
2104557,허영,더불어민주당,찬성
2104557,홍영표,더불어민주당,찬성
2104557,홍정민,더불어민주당,찬성
2104557,황희,더불어민주당,찬성
2103623,강대식,국민의힘,찬성
2103623,강득구,더불어민주당,찬성
2103623,강민국,국민의힘,찬성
2103623,강병원,더불어민주당,찬성
2103623,강선우,더불어민주당,찬성
2103623,강훈식,더불어민주당,찬성
2103623,고민정,더불어민주당,찬성
2103623,고영인,더불어민주당,찬성
2103623,구자근,국민의힘,찬성
2103623,권성동,국민의힘,찬성
2103623,권영세,국민의힘,찬성
2103623,권칠승,더불어민주당,찬성
2103623,기동민,더불어민주당,찬성
2103623,김경만,더불어민주당,찬성
2103623,김교흥,더불어민주당,찬성
2103623,김남국,더불어민주당,찬성
2103623,김도읍,국민의힘,찬성
2103623,김두관,더불어민주당,찬성
2103623,김민기,더불어민주당,찬성
2103623,김민석,더불어민주당,찬성
2103623,김민철,더불어민주당,찬성
2103623,김병기,더불어민주당,찬성
2103623,김병욱,더불어민주당,찬성
2103623,김병주,더불어민주당,찬성
2103623,김상희,더불어민주당,찬성
2103623,김석기,국민의힘,찬성
2103623,김선교,국민의힘,찬성
2103623,김성원,국민의힘,찬성
2103623,김성주,더불어민주당,찬성
2103623,김수흥,더불어민주당,찬성
2103623,김승남,더불어민주당,찬성
2103623,김승원,더불어민주당,찬성
2103623,김영식,국민의힘,찬성
2103623,김영주,더불어민주당,찬성
2103623,김영진,더불어민주당,찬성
2103623,김영호,더불어민주당,찬성
2103623,김예지,국민의힘,찬성
2103623,김용민,더불어민주당,찬성
2103623,김용판,국민의힘,찬성
2103623,김원이,더불어민주당,찬성
2103623,김윤덕,더불어민주당,찬성
2103623,김은혜,국민의힘,찬성
2103623,김정재,국민의힘,찬성
2103623,김정호,더불어민주당,찬성
2103623,김진표,더불어민주당,찬성
2103623,김철민,더불어민주당,기권
2103623,김태년,더불어민주당,찬성
2103623,김형동,국민의힘,찬성
2103623,김홍걸,무소속,찬성
2103623,김회재,더불어민주당,찬성
2103623,김희곤,국민의힘,찬성
2103623,김희국,국민의힘,찬성
2103623,노웅래,더불어민주당,찬성
2103623,도종환,더불어민주당,찬성
2103623,류성걸,국민의힘,찬성
2103623,맹성규,더불어민주당,찬성
2103623,문정복,더불어민주당,찬성
2103623,문진석,더불어민주당,찬성
2103623,민병덕,더불어민주당,찬성
2103623,민형배,더불어민주당,찬성
2103623,민홍철,더불어민주당,찬성
2103623,박광온,더불어민주당,찬성
2103623,박대수,국민의힘,찬성
2103623,박대출,국민의힘,기권
2103623,박병석,무소속,찬성
2103623,박상혁,더불어민주당,찬성
2103623,박성민,국민의힘,찬성
2103623,박성준,더불어민주당,찬성
2103623,박성중,국민의힘,찬성
2103623,박영순,더불어민주당,찬성
2103623,박용진,더불어민주당,찬성
2103623,박재호,더불어민주당,찬성
2103623,박정,더불어민주당,찬성
2103623,박주민,더불어민주당,찬성
2103623,박진,국민의힘,찬성
2103623,박찬대,더불어민주당,찬성
2103623,박홍근,더불어민주당,찬성
2103623,배준영,국민의힘,찬성
2103623,백종헌,국민의힘,찬성
2103623,변재일,더불어민주당,찬성
2103623,서동용,더불어민주당,찬성
2103623,서범수,국민의힘,찬성
2103623,서병수,국민의힘,찬성
2103623,서삼석,더불어민주당,찬성
2103623,서영교,더불어민주당,찬성
2103623,서영석,더불어민주당,찬성
2103623,서일준,국민의힘,찬성
2103623,성일종,국민의힘,찬성
2103623,소병훈,더불어민주당,찬성
2103623,송갑석,더불어민주당,찬성
2103623,송기헌,더불어민주당,찬성
2103623,송석준,국민의힘,찬성
2103623,송영길,더불어민주당,찬성
2103623,송재호,더불어민주당,찬성
2103623,신영대,더불어민주당,찬성
2103623,신원식,국민의힘,찬성
2103623,신정훈,더불어민주당,찬성
2103623,신현영,더불어민주당,찬성
2103623,안규백,더불어민주당,찬성
2103623,안민석,더불어민주당,찬성
2103623,양경숙,더불어민주당,찬성
2103623,양금희,국민의힘,찬성
2103623,양기대,더불어민주당,찬성
2103623,양이원영,더불어민주당,찬성
2103623,양향자,더불어민주당,찬성
2103623,어기구,더불어민주당,찬성
2103623,엄태영,국민의힘,찬성
2103623,오기형,더불어민주당,찬성
2103623,오영훈,더불어민주당,찬성
2103623,용혜인,기본소득당,찬성
2103623,우원식,더불어민주당,찬성
2103623,위성곤,더불어민주당,찬성
2103623,유기홍,더불어민주당,찬성
2103623,유동수,더불어민주당,찬성
2103623,유상범,국민의힘,찬성
2103623,유정주,더불어민주당,찬성
2103623,윤건영,더불어민주당,찬성
2103623,윤두현,국민의힘,찬성
2103623,윤미향,더불어민주당,찬성
2103623,윤영덕,더불어민주당,찬성
2103623,윤영찬,더불어민주당,찬성
2103623,윤재갑,더불어민주당,찬성
2103623,윤준병,더불어민주당,찬성
2103623,윤창현,국민의힘,찬성
2103623,윤후덕,더불어민주당,찬성
2103623,윤희숙,국민의힘,찬성
2103623,이개호,더불어민주당,찬성
2103623,이규민,더불어민주당,찬성
2103623,이달곤,국민의힘,찬성
2103623,이명수,국민의힘,찬성
2103623,이병훈,더불어민주당,찬성
2103623,이상헌,더불어민주당,찬성
2103623,이성만,더불어민주당,찬성
2103623,이수진,더불어민주당,찬성
2103623,이수진,더불어민주당,찬성
2103623,이영,국민의힘,찬성
2103623,이용빈,더불어민주당,찬성
2103623,이용선,더불어민주당,찬성
2103623,이용우,더불어민주당,찬성
2103623,이원욱,더불어민주당,찬성
2103623,이은주,정의당,기권
2103623,이장섭,더불어민주당,찬성
2103623,이재정,더불어민주당,찬성
2103623,이종배,국민의힘,찬성
2103623,이종성,국민의힘,기권
2103623,이채익,국민의힘,찬성
2103623,이철규,국민의힘,찬성
2103623,이탄희,더불어민주당,찬성
2103623,이태규,국민의당,찬성
2103623,이학영,더불어민주당,찬성
2103623,이해식,더불어민주당,찬성
2103623,이형석,더불어민주당,찬성
2103623,인재근,더불어민주당,찬성
2103623,임오경,더불어민주당,찬성
2103623,임이자,국민의힘,찬성
2103623,임종성,더불어민주당,찬성
2103623,임호선,더불어민주당,찬성
2103623,장경태,더불어민주당,찬성
2103623,장철민,더불어민주당,찬성
2103623,장혜영,정의당,기권
2103623,전주혜,국민의힘,찬성
2103623,전혜숙,더불어민주당,찬성
2103623,정동만,국민의힘,찬성
2103623,정성호,더불어민주당,찬성
2103623,정운천,국민의힘,찬성
2103623,정일영,더불어민주당,찬성
2103623,정찬민,국민의힘,찬성
2103623,정청래,더불어민주당,찬성
2103623,정태호,더불어민주당,찬성
2103623,정필모,더불어민주당,찬성
2103623,정희용,국민의힘,찬성
2103623,조명희,국민의힘,찬성
2103623,조수진,국민의힘,기권
2103623,조승래,더불어민주당,찬성
2103623,조오섭,더불어민주당,찬성
2103623,조정식,더불어민주당,찬성
2103623,조정훈,시대전환,찬성
2103623,조태용,국민의힘,찬성
2103623,주철현,더불어민주당,찬성
2103623,지성호,국민의힘,찬성
2103623,진선미,더불어민주당,찬성
2103623,진성준,더불어민주당,찬성
2103623,천준호,더불어민주당,찬성
2103623,최강욱,열린민주당,찬성
2103623,최기상,더불어민주당,찬성
2103623,최승재,국민의힘,찬성
2103623,최연숙,국민의당,찬성
2103623,최인호,더불어민주당,찬성
2103623,최종윤,더불어민주당,찬성
2103623,최춘식,국민의힘,찬성
2103623,최형두,국민의힘,찬성
2103623,최혜영,더불어민주당,찬성
2103623,추경호,국민의힘,찬성
2103623,태영호,국민의힘,찬성
2103623,하영제,국민의힘,찬성
2103623,한기호,국민의힘,찬성
2103623,한무경,국민의힘,찬성
2103623,한병도,더불어민주당,찬성
2103623,한준호,더불어민주당,찬성
2103623,허영,더불어민주당,찬성
2103623,허은아,국민의힘,찬성
2103623,허종식,더불어민주당,찬성
2103623,홍기원,더불어민주당,찬성
2103623,홍석준,국민의힘,찬성
2103623,홍성국,더불어민주당,찬성
2103623,홍영표,더불어민주당,찬성
2103623,홍익표,더불어민주당,찬성
2103623,강민정,열린민주당,찬성
2103623,강준현,더불어민주당,찬성
2103623,곽상도,국민의힘,찬성
2103623,권인숙,더불어민주당,찬성
2103623,김경협,더불어민주당,찬성
2103623,김성환,더불어민주당,찬성
2103623,김영배,더불어민주당,찬성
2103623,김웅,국민의힘,찬성
2103623,김주영,더불어민주당,찬성
2103623,김한정,더불어민주당,찬성
2103623,박완주,더불어민주당,찬성
2103623,박형수,국민의힘,찬성
2103623,배현진,국민의힘,찬성
2103623,백혜련,더불어민주당,찬성
2103623,설훈,더불어민주당,찬성
2103623,소병철,더불어민주당,찬성
2103623,송옥주,더불어민주당,찬성
2103623,신동근,더불어민주당,찬성
2103623,안병길,국민의힘,기권
2103623,안호영,더불어민주당,찬성
2103623,양정숙,무소속,찬성
2103623,오영환,더불어민주당,찬성
2103623,윤관석,더불어민주당,찬성
2103623,윤영석,국민의힘,찬성
2103623,윤주경,국민의힘,찬성
2103623,윤호중,더불어민주당,찬성
2103623,이동주,더불어민주당,찬성
2103623,이만희,국민의힘,찬성
2103623,이용,국민의힘,찬성
2103623,이원택,더불어민주당,찬성
2103623,이정문,더불어민주당,찬성
2103623,이주환,국민의힘,찬성
2103623,이헌승,국민의힘,찬성
2103623,전용기,더불어민주당,찬성
2103623,전재수,더불어민주당,찬성
2103623,정경희,국민의힘,찬성
2103623,정춘숙,더불어민주당,찬성
2103623,조응천,더불어민주당,찬성
2103623,홍정민,더불어민주당,찬성
2103623,황희,더불어민주당,찬성
2104203,강대식,국민의힘,찬성
2104203,강득구,더불어민주당,찬성
2104203,강민국,국민의힘,찬성
2104203,강병원,더불어민주당,찬성
2104203,강선우,더불어민주당,찬성
2104203,강훈식,더불어민주당,찬성
2104203,고민정,더불어민주당,찬성
2104203,고용진,더불어민주당,찬성
2104203,구자근,국민의힘,찬성
2104203,권성동,국민의힘,찬성
2104203,권영세,국민의힘,찬성
2104203,권칠승,더불어민주당,찬성
2104203,기동민,더불어민주당,찬성
2104203,김경만,더불어민주당,찬성
2104203,김교흥,더불어민주당,찬성
2104203,김남국,더불어민주당,찬성
2104203,김도읍,국민의힘,찬성
2104203,김두관,더불어민주당,찬성
2104203,김민기,더불어민주당,찬성
2104203,김민석,더불어민주당,찬성
2104203,김민철,더불어민주당,찬성
2104203,김병기,더불어민주당,찬성
2104203,김병욱,더불어민주당,찬성
2104203,김병주,더불어민주당,찬성
2104203,김상희,더불어민주당,찬성
2104203,김석기,국민의힘,찬성
2104203,김선교,국민의힘,찬성
2104203,김성원,국민의힘,찬성
2104203,김성주,더불어민주당,찬성
2104203,김수흥,더불어민주당,찬성
2104203,김승남,더불어민주당,찬성
2104203,김승원,더불어민주당,찬성
2104203,김영식,국민의힘,찬성
2104203,김영주,더불어민주당,찬성
2104203,김영진,더불어민주당,찬성
2104203,김영호,더불어민주당,찬성
2104203,김예지,국민의힘,찬성
2104203,김용민,더불어민주당,찬성
2104203,김용판,국민의힘,찬성
2104203,김원이,더불어민주당,찬성
2104203,김윤덕,더불어민주당,찬성
2104203,김정재,국민의힘,찬성
2104203,김정호,더불어민주당,찬성
2104203,김진표,더불어민주당,찬성
2104203,김철민,더불어민주당,찬성
2104203,김태년,더불어민주당,찬성
2104203,김태흠,국민의힘,찬성
2104203,김형동,국민의힘,찬성
2104203,김홍걸,무소속,찬성
2104203,김회재,더불어민주당,찬성
2104203,김희곤,국민의힘,찬성
2104203,김희국,국민의힘,찬성
2104203,노웅래,더불어민주당,찬성
2104203,도종환,더불어민주당,찬성
2104203,류성걸,국민의힘,찬성
2104203,맹성규,더불어민주당,찬성
2104203,문정복,더불어민주당,찬성
2104203,문진석,더불어민주당,찬성
2104203,민형배,더불어민주당,찬성
2104203,민홍철,더불어민주당,찬성
2104203,박광온,더불어민주당,찬성
2104203,박대수,국민의힘,찬성
2104203,박대출,국민의힘,기권
2104203,박병석,무소속,찬성
2104203,박상혁,더불어민주당,찬성
2104203,박성민,국민의힘,찬성
2104203,박성준,더불어민주당,찬성
2104203,박성중,국민의힘,찬성
2104203,박영순,더불어민주당,찬성
2104203,박용진,더불어민주당,찬성
2104203,박재호,더불어민주당,찬성
2104203,박정,더불어민주당,찬성
2104203,박주민,더불어민주당,찬성
2104203,박진,국민의힘,찬성
2104203,박찬대,더불어민주당,찬성
2104203,박홍근,더불어민주당,찬성
2104203,배준영,국민의힘,찬성
2104203,백종헌,국민의힘,찬성
2104203,변재일,더불어민주당,찬성
2104203,서동용,더불어민주당,찬성
2104203,서범수,국민의힘,찬성
2104203,서병수,국민의힘,찬성
2104203,서삼석,더불어민주당,찬성
2104203,서영교,더불어민주당,찬성
2104203,서영석,더불어민주당,찬성
2104203,서일준,국민의힘,찬성
2104203,성일종,국민의힘,찬성
2104203,소병훈,더불어민주당,찬성
2104203,송갑석,더불어민주당,찬성
2104203,송기헌,더불어민주당,찬성
2104203,송석준,국민의힘,찬성
2104203,송언석,무소속,찬성
2104203,송영길,더불어민주당,찬성
2104203,송재호,더불어민주당,찬성
2104203,신영대,더불어민주당,찬성
2104203,신원식,국민의힘,찬성
2104203,신정훈,더불어민주당,찬성
2104203,신현영,더불어민주당,찬성
2104203,심상정,정의당,찬성
2104203,안규백,더불어민주당,찬성
2104203,안민석,더불어민주당,찬성
2104203,양경숙,더불어민주당,찬성
2104203,양금희,국민의힘,찬성
2104203,양기대,더불어민주당,찬성
2104203,양이원영,더불어민주당,찬성
2104203,양향자,더불어민주당,찬성
2104203,오기형,더불어민주당,찬성
2104203,오영훈,더불어민주당,찬성
2104203,용혜인,기본소득당,찬성
2104203,우원식,더불어민주당,찬성
2104203,위성곤,더불어민주당,찬성
2104203,유동수,더불어민주당,찬성
2104203,유상범,국민의힘,찬성
2104203,유의동,국민의힘,찬성
2104203,유정주,더불어민주당,찬성
2104203,윤건영,더불어민주당,찬성
2104203,윤두현,국민의힘,찬성
2104203,윤미향,더불어민주당,찬성
2104203,윤영덕,더불어민주당,찬성
2104203,윤영찬,더불어민주당,찬성
2104203,윤재갑,더불어민주당,찬성
2104203,윤준병,더불어민주당,찬성
2104203,윤창현,국민의힘,찬성
2104203,윤후덕,더불어민주당,찬성
2104203,윤희숙,국민의힘,찬성
2104203,이개호,더불어민주당,찬성
2104203,이규민,더불어민주당,찬성
2104203,이명수,국민의힘,찬성
2104203,이병훈,더불어민주당,찬성
2104203,이상헌,더불어민주당,찬성
2104203,이성만,더불어민주당,찬성
2104203,이소영,더불어민주당,찬성
2104203,이수진,더불어민주당,찬성
2104203,이수진,더불어민주당,찬성
2104203,이영,국민의힘,찬성
2104203,이용빈,더불어민주당,찬성
2104203,이용선,더불어민주당,찬성
2104203,이용우,더불어민주당,찬성
2104203,이원욱,더불어민주당,찬성
2104203,이은주,정의당,찬성
2104203,이장섭,더불어민주당,찬성
2104203,이재정,더불어민주당,찬성
2104203,이종배,국민의힘,찬성
2104203,이종성,국민의힘,찬성
2104203,이채익,국민의힘,찬성
2104203,이철규,국민의힘,찬성
2104203,이탄희,더불어민주당,찬성
2104203,이태규,국민의당,찬성
2104203,이학영,더불어민주당,찬성
2104203,이해식,더불어민주당,찬성
2104203,이형석,더불어민주당,찬성
2104203,인재근,더불어민주당,찬성
2104203,임오경,더불어민주당,찬성
2104203,임이자,국민의힘,찬성
2104203,임종성,더불어민주당,찬성
2104203,임호선,더불어민주당,찬성
2104203,장경태,더불어민주당,찬성
2104203,장철민,더불어민주당,찬성
2104203,장혜영,정의당,찬성
2104203,전주혜,국민의힘,찬성
2104203,전혜숙,더불어민주당,찬성
2104203,정동만,국민의힘,찬성
2104203,정성호,더불어민주당,찬성
2104203,정운천,국민의힘,찬성
2104203,정일영,더불어민주당,찬성
2104203,정찬민,국민의힘,찬성
2104203,정청래,더불어민주당,찬성
2104203,정태호,더불어민주당,찬성
2104203,정필모,더불어민주당,찬성
2104203,정희용,국민의힘,찬성
2104203,조명희,국민의힘,찬성
2104203,조승래,더불어민주당,찬성
2104203,조오섭,더불어민주당,찬성
2104203,조정식,더불어민주당,찬성
2104203,조정훈,시대전환,찬성
2104203,조태용,국민의힘,기권
2104203,주철현,더불어민주당,찬성
2104203,지성호,국민의힘,찬성
2104203,진선미,더불어민주당,찬성
2104203,진성준,더불어민주당,찬성
2104203,천준호,더불어민주당,찬성
2104203,최강욱,열린민주당,찬성
2104203,최기상,더불어민주당,찬성
2104203,최승재,국민의힘,찬성
2104203,최연숙,국민의당,찬성
2104203,최인호,더불어민주당,찬성
2104203,최종윤,더불어민주당,찬성
2104203,최춘식,국민의힘,찬성
2104203,최형두,국민의힘,찬성
2104203,최혜영,더불어민주당,찬성
2104203,추경호,국민의힘,찬성
2104203,태영호,국민의힘,찬성
2104203,하영제,국민의힘,찬성
2104203,한무경,국민의힘,반대
2104203,한병도,더불어민주당,찬성
2104203,허영,더불어민주당,찬성
2104203,허은아,국민의힘,찬성
2104203,허종식,더불어민주당,찬성
2104203,홍기원,더불어민주당,찬성
2104203,홍석준,국민의힘,찬성
2104203,홍성국,더불어민주당,찬성
2104203,홍영표,더불어민주당,찬성
2104203,홍익표,더불어민주당,찬성
2104203,강민정,열린민주당,찬성
2104203,강준현,더불어민주당,찬성
2104203,고영인,더불어민주당,찬성
2104203,곽상도,국민의힘,찬성
2104203,권인숙,더불어민주당,찬성
2104203,김경협,더불어민주당,찬성
2104203,김성환,더불어민주당,찬성
2104203,김영배,더불어민주당,찬성
2104203,김웅,국민의힘,찬성
2104203,김주영,더불어민주당,찬성
2104203,김한정,더불어민주당,찬성
2104203,남인순,더불어민주당,찬성
2104203,류호정,정의당,찬성
2104203,박완주,더불어민주당,찬성
2104203,박형수,국민의힘,찬성
2104203,배진교,정의당,찬성
2104203,배현진,국민의힘,찬성
2104203,백혜련,더불어민주당,찬성
2104203,설훈,더불어민주당,찬성
2104203,소병철,더불어민주당,찬성
2104203,송옥주,더불어민주당,찬성
2104203,신동근,더불어민주당,찬성
2104203,안병길,국민의힘,찬성
2104203,안호영,더불어민주당,찬성
2104203,양정숙,무소속,찬성
2104203,어기구,더불어민주당,찬성
2104203,엄태영,국민의힘,찬성
2104203,오영환,더불어민주당,찬성
2104203,유기홍,더불어민주당,찬성
2104203,윤관석,더불어민주당,찬성
2104203,윤영석,국민의힘,찬성
2104203,윤주경,국민의힘,찬성
2104203,윤호중,더불어민주당,찬성
2104203,이달곤,국민의힘,찬성
2104203,이동주,더불어민주당,찬성
2104203,이만희,국민의힘,찬성
2104203,이용,국민의힘,찬성
2104203,이원택,더불어민주당,찬성
2104203,이정문,더불어민주당,찬성
2104203,이주환,국민의힘,찬성
2104203,이헌승,국민의힘,찬성
2104203,전용기,더불어민주당,찬성
2104203,전재수,더불어민주당,찬성
2104203,정경희,국민의힘,찬성
2104203,정춘숙,더불어민주당,찬성
2104203,조수진,국민의힘,찬성
2104203,조응천,더불어민주당,찬성
2104203,한준호,더불어민주당,찬성
2104203,홍정민,더불어민주당,찬성
2104203,황희,더불어민주당,찬성
2101748,강대식,국민의힘,찬성
2101748,강민국,국민의힘,찬성
2101748,강병원,더불어민주당,찬성
2101748,강훈식,더불어민주당,찬성
2101748,고용진,더불어민주당,찬성
2101748,구자근,국민의힘,찬성
2101748,권성동,국민의힘,찬성
2101748,권영세,국민의힘,찬성
2101748,권칠승,더불어민주당,찬성
2101748,김경만,더불어민주당,찬성
2101748,김교흥,더불어민주당,찬성
2101748,김남국,더불어민주당,찬성
2101748,김도읍,국민의힘,찬성
2101748,김두관,더불어민주당,찬성
2101748,김민기,더불어민주당,찬성
2101748,김민철,더불어민주당,찬성
2101748,김병욱,더불어민주당,찬성
2101748,김병주,더불어민주당,찬성
2101748,김상희,더불어민주당,찬성
2101748,김선교,국민의힘,찬성
2101748,김성원,국민의힘,찬성
2101748,김성주,더불어민주당,찬성
2101748,김영식,국민의힘,찬성
2101748,김영주,더불어민주당,찬성
2101748,김예지,국민의힘,찬성
2101748,김용민,더불어민주당,찬성
2101748,김용판,국민의힘,찬성
2101748,김원이,더불어민주당,찬성
2101748,김윤덕,더불어민주당,찬성
2101748,김은혜,국민의힘,찬성
2101748,김정재,국민의힘,찬성
2101748,김정호,더불어민주당,찬성
2101748,김진표,더불어민주당,찬성
2101748,김철민,더불어민주당,찬성
2101748,김태년,더불어민주당,찬성
2101748,김태흠,국민의힘,찬성
2101748,김형동,국민의힘,찬성
2101748,김홍걸,무소속,찬성
2101748,김회재,더불어민주당,찬성
2101748,김희곤,국민의힘,찬성
2101748,김희국,국민의힘,찬성
2101748,노웅래,더불어민주당,찬성
2101748,도종환,더불어민주당,찬성
2101748,류성걸,국민의힘,찬성
2101748,맹성규,더불어민주당,찬성
2101748,문진석,더불어민주당,찬성
2101748,민병덕,더불어민주당,찬성
2101748,민형배,더불어민주당,찬성
2101748,민홍철,더불어민주당,찬성
2101748,박광온,더불어민주당,찬성
2101748,박대수,국민의힘,찬성
2101748,박병석,무소속,찬성
2101748,박성준,더불어민주당,찬성
2101748,박성중,국민의힘,찬성
2101748,박영순,더불어민주당,찬성
2101748,박용진,더불어민주당,찬성
2101748,박재호,더불어민주당,찬성
2101748,박주민,더불어민주당,찬성
2101748,박진,국민의힘,찬성
2101748,박찬대,더불어민주당,찬성
2101748,박홍근,더불어민주당,찬성
2101748,배준영,국민의힘,찬성
2101748,백종헌,국민의힘,찬성
2101748,변재일,더불어민주당,찬성
2101748,서동용,더불어민주당,찬성
2101748,서범수,국민의힘,찬성
2101748,서병수,국민의힘,찬성
2101748,서삼석,더불어민주당,찬성
2101748,서영석,더불어민주당,찬성
2101748,성일종,국민의힘,찬성
2101748,송기헌,더불어민주당,찬성
2101748,송언석,무소속,찬성
2101748,송영길,더불어민주당,찬성
2101748,송재호,더불어민주당,찬성
2101748,신원식,국민의힘,찬성
2101748,신정훈,더불어민주당,찬성
2101748,신현영,더불어민주당,찬성
2101748,심상정,정의당,찬성
2101748,안규백,더불어민주당,찬성
2101748,양경숙,더불어민주당,찬성
2101748,양금희,국민의힘,찬성
2101748,양기대,더불어민주당,찬성
2101748,양이원영,더불어민주당,찬성
2101748,양향자,더불어민주당,찬성
2101748,오기형,더불어민주당,찬성
2101748,오영훈,더불어민주당,찬성
2101748,우원식,더불어민주당,찬성
2101748,위성곤,더불어민주당,찬성
2101748,유동수,더불어민주당,찬성
2101748,유의동,국민의힘,찬성
2101748,유정주,더불어민주당,찬성
2101748,윤두현,국민의힘,찬성
2101748,윤미향,더불어민주당,찬성
2101748,윤영덕,더불어민주당,찬성
2101748,윤영찬,더불어민주당,찬성
2101748,윤재갑,더불어민주당,찬성
2101748,윤준병,더불어민주당,찬성
2101748,윤창현,국민의힘,찬성
2101748,윤후덕,더불어민주당,찬성
2101748,윤희숙,국민의힘,찬성
2101748,이명수,국민의힘,찬성
2101748,이병훈,더불어민주당,찬성
2101748,이상헌,더불어민주당,찬성
2101748,이성만,더불어민주당,찬성
2101748,이소영,더불어민주당,찬성
2101748,이수진,더불어민주당,찬성
2101748,이영,국민의힘,찬성
2101748,이용빈,더불어민주당,찬성
2101748,이용선,더불어민주당,찬성
2101748,이원욱,더불어민주당,찬성
2101748,이장섭,더불어민주당,찬성
2101748,이재정,더불어민주당,찬성
2101748,이종성,국민의힘,찬성
2101748,이채익,국민의힘,찬성
2101748,이철규,국민의힘,찬성
2101748,이태규,국민의당,찬성
2101748,이해식,더불어민주당,찬성
2101748,인재근,더불어민주당,찬성
2101748,임오경,더불어민주당,찬성
2101748,임이자,국민의힘,찬성
2101748,임종성,더불어민주당,찬성
2101748,임호선,더불어민주당,찬성
2101748,장경태,더불어민주당,찬성
2101748,장철민,더불어민주당,찬성
2101748,장혜영,정의당,찬성
2101748,전주혜,국민의힘,찬성
2101748,정동만,국민의힘,찬성
2101748,정성호,더불어민주당,찬성
2101748,정운천,국민의힘,찬성
2101748,정일영,더불어민주당,찬성
2101748,정찬민,국민의힘,찬성
2101748,정청래,더불어민주당,찬성
2101748,정희용,국민의힘,찬성
2101748,조명희,국민의힘,찬성
2101748,조승래,더불어민주당,찬성
2101748,조오섭,더불어민주당,찬성
2101748,조정식,더불어민주당,찬성
2101748,조정훈,시대전환,찬성
2101748,조태용,국민의힘,찬성
2101748,주철현,더불어민주당,찬성
2101748,지성호,국민의힘,찬성
2101748,진선미,더불어민주당,찬성
2101748,천준호,더불어민주당,찬성
2101748,최강욱,열린민주당,찬성
2101748,최기상,더불어민주당,찬성
2101748,최연숙,국민의당,기권
2101748,최춘식,국민의힘,찬성
2101748,최형두,국민의힘,찬성
2101748,태영호,국민의힘,찬성
2101748,한무경,국민의힘,찬성
2101748,한병도,더불어민주당,찬성
2101748,허영,더불어민주당,찬성
2101748,허은아,국민의힘,찬성
2101748,허종식,더불어민주당,찬성
2101748,홍기원,더불어민주당,찬성
2101748,홍석준,국민의힘,찬성
2101748,홍성국,더불어민주당,찬성
2101748,홍익표,더불어민주당,찬성
2101748,강득구,더불어민주당,찬성
2101748,강민정,열린민주당,찬성
2101748,강선우,더불어민주당,찬성
2101748,강준현,더불어민주당,찬성
2101748,고민정,더불어민주당,찬성
2101748,고영인,더불어민주당,찬성
2101748,곽상도,국민의힘,찬성
2101748,권인숙,더불어민주당,찬성
2101748,기동민,더불어민주당,찬성
2101748,김경협,더불어민주당,찬성
2101748,김민석,더불어민주당,찬성
2101748,김병기,더불어민주당,찬성
2101748,김성환,더불어민주당,찬성
2101748,김수흥,더불어민주당,찬성
2101748,김승남,더불어민주당,찬성
2101748,김승원,더불어민주당,찬성
2101748,김영배,더불어민주당,찬성
2101748,김영진,더불어민주당,찬성
2101748,김영호,더불어민주당,찬성
2101748,김웅,국민의힘,찬성
2101748,김주영,더불어민주당,찬성
2101748,김한정,더불어민주당,찬성
2101748,남인순,더불어민주당,찬성
2101748,류호정,정의당,찬성
2101748,문정복,더불어민주당,찬성
2101748,박대출,국민의힘,기권
2101748,박상혁,더불어민주당,찬성
2101748,박성민,국민의힘,찬성
2101748,박완주,더불어민주당,찬성
2101748,박정,더불어민주당,찬성
2101748,박형수,국민의힘,찬성
2101748,배진교,정의당,찬성
2101748,배현진,국민의힘,찬성
2101748,백혜련,더불어민주당,찬성
2101748,서영교,더불어민주당,찬성
2101748,서일준,국민의힘,찬성
2101748,설훈,더불어민주당,찬성
2101748,소병철,더불어민주당,찬성
2101748,소병훈,더불어민주당,찬성
2101748,송갑석,더불어민주당,찬성
2101748,송석준,국민의힘,찬성
2101748,송옥주,더불어민주당,찬성
2101748,신동근,더불어민주당,찬성
2101748,신영대,더불어민주당,찬성
2101748,안민석,더불어민주당,찬성
2101748,안병길,국민의힘,기권
2101748,안호영,더불어민주당,찬성
2101748,양정숙,무소속,찬성
2101748,어기구,더불어민주당,찬성
2101748,엄태영,국민의힘,찬성
2101748,오영환,더불어민주당,찬성
2101748,용혜인,기본소득당,찬성
2101748,유기홍,더불어민주당,찬성
2101748,유상범,국민의힘,찬성
2101748,윤건영,더불어민주당,찬성
2101748,윤관석,더불어민주당,찬성
2101748,윤영석,국민의힘,찬성
2101748,윤주경,국민의힘,찬성
2101748,윤호중,더불어민주당,찬성
2101748,이개호,더불어민주당,찬성
2101748,이규민,더불어민주당,찬성
2101748,이달곤,국민의힘,찬성
2101748,이동주,더불어민주당,찬성
2101748,이만희,국민의힘,찬성
2101748,이수진,더불어민주당,찬성
2101748,이용,국민의힘,찬성
2101748,이용우,더불어민주당,찬성
2101748,이원택,더불어민주당,찬성
2101748,이은주,정의당,찬성
2101748,이정문,더불어민주당,찬성
2101748,이종배,국민의힘,찬성
2101748,이주환,국민의힘,찬성
2101748,이탄희,더불어민주당,찬성
2101748,이학영,더불어민주당,찬성
2101748,이헌승,국민의힘,찬성
2101748,이형석,더불어민주당,찬성
2101748,전용기,더불어민주당,찬성
2101748,전재수,더불어민주당,찬성
2101748,전혜숙,더불어민주당,찬성
2101748,정경희,국민의힘,찬성
2101748,정춘숙,더불어민주당,찬성
2101748,정태호,더불어민주당,찬성
2101748,정필모,더불어민주당,찬성
2101748,조수진,국민의힘,찬성
2101748,조응천,더불어민주당,찬성
2101748,최승재,국민의힘,찬성
2101748,최인호,더불어민주당,찬성
2101748,최종윤,더불어민주당,찬성
2101748,최혜영,더불어민주당,찬성
2101748,추경호,국민의힘,찬성
2101748,하영제,국민의힘,찬성
2101748,한기호,국민의힘,찬성
2101748,한준호,더불어민주당,찬성
2101748,홍영표,더불어민주당,찬성
2101748,홍정민,더불어민주당,찬성
2101748,황희,더불어민주당,찬성
2101114,강민국,국민의힘,찬성
2101114,강병원,더불어민주당,찬성
2101114,김경만,더불어민주당,찬성
2101114,김남국,더불어민주당,찬성
2101114,김두관,더불어민주당,찬성
2101114,김민기,더불어민주당,찬성
2101114,김병욱,더불어민주당,찬성
2101114,김상희,더불어민주당,찬성
2101114,김선교,국민의힘,찬성
2101114,김영식,국민의힘,찬성
2101114,김예지,국민의힘,찬성
2101114,김원이,더불어민주당,찬성
2101114,김정호,더불어민주당,찬성
2101114,김진표,더불어민주당,찬성
2101114,도종환,더불어민주당,찬성
2101114,박병석,무소속,찬성
2101114,박성중,국민의힘,찬성
2101114,박용진,더불어민주당,찬성
2101114,서범수,국민의힘,찬성
2101114,서삼석,더불어민주당,찬성
2101114,송기헌,더불어민주당,찬성
2101114,송언석,무소속,찬성
2101114,송영길,더불어민주당,찬성
2101114,양경숙,더불어민주당,찬성
2101114,양금희,국민의힘,찬성
2101114,오기형,더불어민주당,찬성
2101114,오영훈,더불어민주당,찬성
2101114,윤영덕,더불어민주당,찬성
2101114,윤후덕,더불어민주당,찬성
2101114,이명수,국민의힘,찬성
2101114,이병훈,더불어민주당,찬성
2101114,이수진,더불어민주당,찬성
2101114,이영,국민의힘,찬성
2101114,이용빈,더불어민주당,찬성
2101114,이용선,더불어민주당,찬성
2101114,이종성,국민의힘,찬성
2101114,이채익,국민의힘,찬성
2101114,장철민,더불어민주당,찬성
2101114,전주혜,국민의힘,찬성
2101114,정성호,더불어민주당,찬성
2101114,정운천,국민의힘,찬성
2101114,정찬민,국민의힘,찬성
2101114,정청래,더불어민주당,찬성
2101114,조명희,국민의힘,찬성
2101114,조정훈,시대전환,찬성
2101114,조태용,국민의힘,찬성
2101114,주철현,더불어민주당,찬성
2101114,진선미,더불어민주당,찬성
2101114,진성준,더불어민주당,찬성
2101114,천준호,더불어민주당,찬성
2101114,홍기원,더불어민주당,찬성
2101114,홍성국,더불어민주당,찬성
2101114,강대식,국민의힘,찬성
2101114,강득구,더불어민주당,찬성
2101114,강민정,열린민주당,찬성
2101114,강선우,더불어민주당,찬성
2101114,강준현,더불어민주당,찬성
2101114,강훈식,더불어민주당,찬성
2101114,고민정,더불어민주당,찬성
2101114,고영인,더불어민주당,찬성
2101114,고용진,더불어민주당,찬성
2101114,곽상도,국민의힘,찬성
2101114,구자근,국민의힘,찬성
2101114,권성동,국민의힘,찬성
2101114,권영세,국민의힘,찬성
2101114,권인숙,더불어민주당,찬성
2101114,권칠승,더불어민주당,찬성
2101114,기동민,더불어민주당,찬성
2101114,김경협,더불어민주당,찬성
2101114,김교흥,더불어민주당,찬성
2101114,김도읍,국민의힘,기권
2101114,김민석,더불어민주당,찬성
2101114,김민철,더불어민주당,찬성
2101114,김병기,더불어민주당,찬성
2101114,김병주,더불어민주당,찬성
2101114,김성원,국민의힘,찬성
2101114,김성주,더불어민주당,찬성
2101114,김성환,더불어민주당,찬성
2101114,김수흥,더불어민주당,찬성
2101114,김승남,더불어민주당,찬성
2101114,김승원,더불어민주당,찬성
2101114,김영배,더불어민주당,찬성
2101114,김영주,더불어민주당,찬성
2101114,김영진,더불어민주당,찬성
2101114,김영호,더불어민주당,찬성
2101114,김용민,더불어민주당,찬성
2101114,김용판,국민의힘,찬성
2101114,김웅,국민의힘,기권
2101114,김윤덕,더불어민주당,찬성
2101114,김은혜,국민의힘,찬성
2101114,김정재,국민의힘,찬성
2101114,김주영,더불어민주당,찬성
2101114,김철민,더불어민주당,찬성
2101114,김태년,더불어민주당,찬성
2101114,김태흠,국민의힘,찬성
2101114,김한정,더불어민주당,찬성
2101114,김형동,국민의힘,찬성
2101114,김홍걸,무소속,찬성
2101114,김회재,더불어민주당,찬성
2101114,김희곤,국민의힘,찬성
2101114,김희국,국민의힘,찬성
2101114,남인순,더불어민주당,찬성
2101114,노웅래,더불어민주당,찬성
2101114,류성걸,국민의힘,찬성
2101114,류호정,정의당,찬성
2101114,맹성규,더불어민주당,찬성
2101114,문정복,더불어민주당,찬성
2101114,문진석,더불어민주당,찬성
2101114,민병덕,더불어민주당,찬성
2101114,민형배,더불어민주당,찬성
2101114,민홍철,더불어민주당,찬성
2101114,박광온,더불어민주당,찬성
2101114,박대수,국민의힘,찬성
2101114,박대출,국민의힘,기권
2101114,박상혁,더불어민주당,찬성
2101114,박성민,국민의힘,기권
2101114,박성준,더불어민주당,찬성
2101114,박영순,더불어민주당,찬성
2101114,박완주,더불어민주당,찬성
2101114,박재호,더불어민주당,찬성
2101114,박정,더불어민주당,찬성
2101114,박주민,더불어민주당,찬성
2101114,박진,국민의힘,찬성
2101114,박찬대,더불어민주당,찬성
2101114,박형수,국민의힘,찬성
2101114,박홍근,더불어민주당,찬성
2101114,배준영,국민의힘,찬성
2101114,배진교,정의당,찬성
2101114,배현진,국민의힘,찬성
2101114,백종헌,국민의힘,찬성
2101114,백혜련,더불어민주당,찬성
2101114,변재일,더불어민주당,찬성
2101114,서동용,더불어민주당,찬성
2101114,서병수,국민의힘,찬성
2101114,서영석,더불어민주당,찬성
2101114,서일준,국민의힘,찬성
2101114,설훈,더불어민주당,찬성
2101114,성일종,국민의힘,찬성
2101114,소병철,더불어민주당,찬성
2101114,소병훈,더불어민주당,찬성
2101114,송갑석,더불어민주당,찬성
2101114,송석준,국민의힘,찬성
2101114,송옥주,더불어민주당,찬성
2101114,송재호,더불어민주당,찬성
2101114,신동근,더불어민주당,찬성
2101114,신영대,더불어민주당,찬성
2101114,신원식,국민의힘,찬성
2101114,신정훈,더불어민주당,찬성
2101114,신현영,더불어민주당,찬성
2101114,심상정,정의당,찬성
2101114,안규백,더불어민주당,찬성
2101114,안민석,더불어민주당,찬성
2101114,안호영,더불어민주당,찬성
2101114,양기대,더불어민주당,찬성
2101114,양이원영,더불어민주당,찬성
2101114,양정숙,무소속,찬성
2101114,양향자,더불어민주당,찬성
2101114,어기구,더불어민주당,찬성
2101114,엄태영,국민의힘,찬성
2101114,오영환,더불어민주당,찬성
2101114,용혜인,기본소득당,찬성
2101114,우원식,더불어민주당,찬성
2101114,위성곤,더불어민주당,찬성
2101114,유기홍,더불어민주당,찬성
2101114,유동수,더불어민주당,찬성
2101114,유상범,국민의힘,찬성
2101114,유의동,국민의힘,찬성
2101114,유정주,더불어민주당,찬성
2101114,윤건영,더불어민주당,찬성
2101114,윤관석,더불어민주당,찬성
2101114,윤두현,국민의힘,찬성
2101114,윤미향,더불어민주당,찬성
2101114,윤영석,국민의힘,찬성
2101114,윤영찬,더불어민주당,찬성
2101114,윤재갑,더불어민주당,찬성
2101114,윤주경,국민의힘,찬성
2101114,윤준병,더불어민주당,찬성
2101114,윤창현,국민의힘,찬성
2101114,윤호중,더불어민주당,찬성
2101114,윤희숙,국민의힘,찬성
2101114,이개호,더불어민주당,찬성
2101114,이규민,더불어민주당,찬성
2101114,이달곤,국민의힘,찬성
2101114,이동주,더불어민주당,찬성
2101114,이만희,국민의힘,찬성
2101114,이상헌,더불어민주당,찬성
2101114,이성만,더불어민주당,찬성
2101114,이소영,더불어민주당,찬성
2101114,이수진,더불어민주당,찬성
2101114,이용,국민의힘,찬성
2101114,이용우,더불어민주당,찬성
2101114,이원욱,더불어민주당,찬성
2101114,이원택,더불어민주당,찬성
2101114,이은주,정의당,찬성
2101114,이장섭,더불어민주당,찬성
2101114,이재정,더불어민주당,찬성
2101114,이정문,더불어민주당,찬성
2101114,이종배,국민의힘,찬성
2101114,이주환,국민의힘,찬성
2101114,이철규,국민의힘,찬성
2101114,이탄희,더불어민주당,찬성
2101114,이태규,국민의당,찬성
2101114,이학영,더불어민주당,찬성
2101114,이해식,더불어민주당,찬성
2101114,이헌승,국민의힘,찬성
2101114,이형석,더불어민주당,찬성
2101114,인재근,더불어민주당,찬성
2101114,임오경,더불어민주당,찬성
2101114,임이자,국민의힘,찬성
2101114,임종성,더불어민주당,찬성
2101114,임호선,더불어민주당,찬성
2101114,장경태,더불어민주당,찬성
2101114,장혜영,정의당,찬성
2101114,전용기,더불어민주당,찬성
2101114,전재수,더불어민주당,찬성
2101114,전혜숙,더불어민주당,찬성
2101114,정경희,국민의힘,찬성
2101114,정동만,국민의힘,찬성
2101114,정일영,더불어민주당,찬성
2101114,정춘숙,더불어민주당,찬성
2101114,정태호,더불어민주당,찬성
2101114,정필모,더불어민주당,찬성
2101114,정희용,국민의힘,찬성
2101114,조수진,국민의힘,찬성
2101114,조승래,더불어민주당,찬성
2101114,조오섭,더불어민주당,찬성
2101114,조응천,더불어민주당,찬성
2101114,조정식,더불어민주당,찬성
2101114,지성호,국민의힘,찬성
2101114,최강욱,열린민주당,찬성
2101114,최기상,더불어민주당,찬성
2101114,최승재,국민의힘,찬성
2101114,최연숙,국민의당,찬성
2101114,최인호,더불어민주당,찬성
2101114,최종윤,더불어민주당,찬성
2101114,최춘식,국민의힘,찬성
2101114,최형두,국민의힘,찬성
2101114,최혜영,더불어민주당,찬성
2101114,추경호,국민의힘,찬성
2101114,태영호,국민의힘,찬성
2101114,하영제,국민의힘,찬성
2101114,한기호,국민의힘,찬성
2101114,한무경,국민의힘,찬성
2101114,한병도,더불어민주당,찬성
2101114,한준호,더불어민주당,찬성
2101114,허영,더불어민주당,찬성
2101114,허은아,국민의힘,찬성
2101114,허종식,더불어민주당,찬성
2101114,홍석준,국민의힘,찬성
2101114,홍영표,더불어민주당,찬성
2101114,홍익표,더불어민주당,찬성
2101114,홍정민,더불어민주당,찬성
2101114,황희,더불어민주당,찬성
2103805,강대식,국민의힘,찬성
2103805,강민국,국민의힘,찬성
2103805,강병원,더불어민주당,찬성
2103805,강훈식,더불어민주당,찬성
2103805,고용진,더불어민주당,찬성
2103805,구자근,국민의힘,찬성
2103805,권성동,국민의힘,찬성
2103805,권영세,국민의힘,찬성
2103805,권칠승,더불어민주당,찬성
2103805,김경만,더불어민주당,찬성
2103805,김교흥,더불어민주당,찬성
2103805,김남국,더불어민주당,찬성
2103805,김두관,더불어민주당,찬성
2103805,김민기,더불어민주당,찬성
2103805,김민철,더불어민주당,찬성
2103805,김병욱,더불어민주당,찬성
2103805,김병주,더불어민주당,찬성
2103805,김상희,더불어민주당,찬성
2103805,김선교,국민의힘,찬성
2103805,김성원,국민의힘,찬성
2103805,김성주,더불어민주당,찬성
2103805,김영식,국민의힘,찬성
2103805,김영주,더불어민주당,찬성
2103805,김예지,국민의힘,찬성
2103805,김용민,더불어민주당,찬성
2103805,김용판,국민의힘,찬성
2103805,김원이,더불어민주당,찬성
2103805,김정재,국민의힘,찬성
2103805,김정호,더불어민주당,찬성
2103805,김진애,열린민주당,찬성
2103805,김진표,더불어민주당,찬성
2103805,김철민,더불어민주당,찬성
2103805,김태년,더불어민주당,찬성
2103805,김태흠,국민의힘,찬성
2103805,김홍걸,무소속,찬성
2103805,김회재,더불어민주당,찬성
2103805,김희곤,국민의힘,찬성
2103805,김희국,국민의힘,찬성
2103805,노웅래,더불어민주당,찬성
2103805,도종환,더불어민주당,찬성
2103805,류성걸,국민의힘,찬성
2103805,맹성규,더불어민주당,찬성
2103805,문진석,더불어민주당,찬성
2103805,민형배,더불어민주당,찬성
2103805,민홍철,더불어민주당,찬성
2103805,박광온,더불어민주당,찬성
2103805,박대수,국민의힘,찬성
2103805,박병석,무소속,찬성
2103805,박성중,국민의힘,찬성
2103805,박영순,더불어민주당,찬성
2103805,박용진,더불어민주당,찬성
2103805,박재호,더불어민주당,찬성
2103805,박주민,더불어민주당,찬성
2103805,박찬대,더불어민주당,찬성
2103805,박홍근,더불어민주당,찬성
2103805,배준영,국민의힘,찬성
2103805,변재일,더불어민주당,찬성
2103805,서동용,더불어민주당,찬성
2103805,서범수,국민의힘,찬성
2103805,서병수,국민의힘,찬성
2103805,서삼석,더불어민주당,찬성
2103805,서영석,더불어민주당,찬성
2103805,성일종,국민의힘,찬성
2103805,송기헌,더불어민주당,찬성
2103805,송언석,무소속,찬성
2103805,송영길,더불어민주당,찬성
2103805,송재호,더불어민주당,찬성
2103805,신원식,국민의힘,찬성
2103805,신현영,더불어민주당,찬성
2103805,안규백,더불어민주당,찬성
2103805,양경숙,더불어민주당,찬성
2103805,양금희,국민의힘,찬성
2103805,양이원영,더불어민주당,찬성
2103805,오기형,더불어민주당,찬성
2103805,오영훈,더불어민주당,찬성
2103805,우원식,더불어민주당,찬성
2103805,위성곤,더불어민주당,찬성
2103805,유의동,국민의힘,찬성
2103805,윤두현,국민의힘,찬성
2103805,윤미향,더불어민주당,찬성
2103805,윤영덕,더불어민주당,찬성
2103805,윤영찬,더불어민주당,찬성
2103805,윤재갑,더불어민주당,찬성
2103805,윤준병,더불어민주당,찬성
2103805,윤창현,국민의힘,찬성
2103805,윤후덕,더불어민주당,찬성
2103805,윤희숙,국민의힘,찬성
2103805,이명수,국민의힘,찬성
2103805,이병훈,더불어민주당,찬성
2103805,이상헌,더불어민주당,찬성
2103805,이성만,더불어민주당,찬성
2103805,이소영,더불어민주당,찬성
2103805,이수진,더불어민주당,찬성
2103805,이영,국민의힘,찬성
2103805,이용빈,더불어민주당,찬성
2103805,이용선,더불어민주당,찬성
2103805,이원욱,더불어민주당,찬성
2103805,이장섭,더불어민주당,찬성
2103805,이재정,더불어민주당,찬성
2103805,이종성,국민의힘,찬성
2103805,이채익,국민의힘,찬성
2103805,이철규,국민의힘,찬성
2103805,이태규,국민의당,찬성
2103805,인재근,더불어민주당,찬성
2103805,임오경,더불어민주당,찬성
2103805,임이자,국민의힘,찬성
2103805,임호선,더불어민주당,찬성
2103805,장경태,더불어민주당,찬성
2103805,장철민,더불어민주당,찬성
2103805,장혜영,정의당,찬성
2103805,전주혜,국민의힘,찬성
2103805,정동만,국민의힘,찬성
2103805,정성호,더불어민주당,찬성
2103805,정운천,국민의힘,찬성
2103805,정찬민,국민의힘,찬성
2103805,정청래,더불어민주당,찬성
2103805,정희용,국민의힘,찬성
2103805,조명희,국민의힘,찬성
2103805,조승래,더불어민주당,찬성
2103805,조오섭,더불어민주당,찬성
2103805,조정식,더불어민주당,찬성
2103805,조정훈,시대전환,찬성
2103805,조태용,국민의힘,찬성
2103805,주철현,더불어민주당,찬성
2103805,지성호,국민의힘,찬성
2103805,진선미,더불어민주당,찬성
2103805,진성준,더불어민주당,찬성
2103805,천준호,더불어민주당,찬성
2103805,최강욱,열린민주당,찬성
2103805,최연숙,국민의당,찬성
2103805,최춘식,국민의힘,찬성
2103805,최형두,국민의힘,찬성
2103805,태영호,국민의힘,찬성
2103805,한병도,더불어민주당,찬성
2103805,허영,더불어민주당,찬성
2103805,허은아,국민의힘,찬성
2103805,허종식,더불어민주당,찬성
2103805,홍기원,더불어민주당,찬성
2103805,홍석준,국민의힘,찬성
2103805,홍성국,더불어민주당,찬성
2103805,홍익표,더불어민주당,찬성
2103805,강득구,더불어민주당,찬성
2103805,강민정,열린민주당,찬성
2103805,강선우,더불어민주당,찬성
2103805,강준현,더불어민주당,찬성
2103805,고민정,더불어민주당,찬성
2103805,고영인,더불어민주당,찬성
2103805,곽상도,국민의힘,찬성
2103805,권인숙,더불어민주당,찬성
2103805,기동민,더불어민주당,찬성
2103805,김경협,더불어민주당,찬성
2103805,김도읍,국민의힘,찬성
2103805,김민석,더불어민주당,찬성
2103805,김병기,더불어민주당,찬성
2103805,김석기,국민의힘,찬성
2103805,김성환,더불어민주당,찬성
2103805,김수흥,더불어민주당,찬성
2103805,김승남,더불어민주당,찬성
2103805,김승원,더불어민주당,찬성
2103805,김영배,더불어민주당,찬성
2103805,김영진,더불어민주당,찬성
2103805,김영호,더불어민주당,찬성
2103805,김웅,국민의힘,찬성
2103805,김윤덕,더불어민주당,찬성
2103805,김은혜,국민의힘,찬성
2103805,김주영,더불어민주당,찬성
2103805,김한정,더불어민주당,찬성
2103805,김형동,국민의힘,찬성
2103805,남인순,더불어민주당,찬성
2103805,류호정,정의당,찬성
2103805,문정복,더불어민주당,찬성
2103805,민병덕,더불어민주당,찬성
2103805,박대출,국민의힘,기권
2103805,박상혁,더불어민주당,찬성
2103805,박성민,국민의힘,기권
2103805,박성준,더불어민주당,찬성
2103805,박완주,더불어민주당,찬성
2103805,박정,더불어민주당,찬성
2103805,박진,국민의힘,찬성
2103805,박형수,국민의힘,찬성
2103805,배진교,정의당,찬성
2103805,배현진,국민의힘,찬성
2103805,백종헌,국민의힘,찬성
2103805,백혜련,더불어민주당,찬성
2103805,서영교,더불어민주당,찬성
2103805,서일준,국민의힘,찬성
2103805,설훈,더불어민주당,찬성
2103805,소병철,더불어민주당,찬성
2103805,소병훈,더불어민주당,찬성
2103805,송갑석,더불어민주당,찬성
2103805,송석준,국민의힘,찬성
2103805,송옥주,더불어민주당,찬성
2103805,신동근,더불어민주당,찬성
2103805,신영대,더불어민주당,찬성
2103805,신정훈,더불어민주당,찬성
2103805,심상정,정의당,찬성
2103805,안민석,더불어민주당,찬성
2103805,안호영,더불어민주당,찬성
2103805,양기대,더불어민주당,찬성
2103805,양정숙,무소속,찬성
2103805,양향자,더불어민주당,찬성
2103805,어기구,더불어민주당,찬성
2103805,엄태영,국민의힘,찬성
2103805,오영환,더불어민주당,찬성
2103805,용혜인,기본소득당,찬성
2103805,유기홍,더불어민주당,찬성
2103805,유동수,더불어민주당,찬성
2103805,유상범,국민의힘,찬성
2103805,유정주,더불어민주당,찬성
2103805,윤건영,더불어민주당,찬성
2103805,윤관석,더불어민주당,찬성
2103805,윤영석,국민의힘,찬성
2103805,윤주경,국민의힘,찬성
2103805,윤호중,더불어민주당,찬성
2103805,이개호,더불어민주당,찬성
2103805,이규민,더불어민주당,찬성
2103805,이달곤,국민의힘,찬성
2103805,이동주,더불어민주당,찬성
2103805,이만희,국민의힘,찬성
2103805,이수진,더불어민주당,찬성
2103805,이용,국민의힘,찬성
2103805,이용우,더불어민주당,찬성
2103805,이원택,더불어민주당,찬성
2103805,이은주,정의당,찬성
2103805,이정문,더불어민주당,찬성
2103805,이종배,국민의힘,찬성
2103805,이주환,국민의힘,찬성
2103805,이탄희,더불어민주당,찬성
2103805,이학영,더불어민주당,찬성
2103805,이해식,더불어민주당,찬성
2103805,이헌승,국민의힘,찬성
2103805,이형석,더불어민주당,찬성
2103805,임종성,더불어민주당,찬성
2103805,전용기,더불어민주당,찬성
2103805,전재수,더불어민주당,찬성
2103805,정경희,국민의힘,찬성
2103805,정일영,더불어민주당,찬성
2103805,정춘숙,더불어민주당,찬성
2103805,정태호,더불어민주당,찬성
2103805,조수진,국민의힘,찬성
2103805,조응천,더불어민주당,찬성
2103805,최기상,더불어민주당,찬성
2103805,최승재,국민의힘,찬성
2103805,최인호,더불어민주당,찬성
2103805,최종윤,더불어민주당,찬성
2103805,최혜영,더불어민주당,찬성
2103805,추경호,국민의힘,찬성
2103805,하영제,국민의힘,찬성
2103805,한무경,국민의힘,찬성
2103805,한준호,더불어민주당,찬성
2103805,홍영표,더불어민주당,찬성
2103805,홍정민,더불어민주당,찬성
2103805,황희,더불어민주당,찬성
2103820,강민국,국민의힘,찬성
2103820,강병원,더불어민주당,찬성
2103820,강훈식,더불어민주당,찬성
2103820,구자근,국민의힘,찬성
2103820,권성동,국민의힘,찬성
2103820,권영세,국민의힘,찬성
2103820,김경만,더불어민주당,찬성
2103820,김교흥,더불어민주당,찬성
2103820,김남국,더불어민주당,찬성
2103820,김두관,더불어민주당,찬성
2103820,김민기,더불어민주당,찬성
2103820,김민철,더불어민주당,찬성
2103820,김병욱,더불어민주당,찬성
2103820,김병주,더불어민주당,찬성
2103820,김상희,더불어민주당,찬성
2103820,김선교,국민의힘,찬성
2103820,김성원,국민의힘,찬성
2103820,김성주,더불어민주당,찬성
2103820,김영식,국민의힘,찬성
2103820,김영주,더불어민주당,찬성
2103820,김예지,국민의힘,찬성
2103820,김용민,더불어민주당,찬성
2103820,김원이,더불어민주당,찬성
2103820,김정호,더불어민주당,찬성
2103820,김진애,열린민주당,찬성
2103820,김진표,더불어민주당,찬성
2103820,김철민,더불어민주당,찬성
2103820,김회재,더불어민주당,찬성
2103820,김희곤,국민의힘,찬성
2103820,노웅래,더불어민주당,찬성
2103820,도종환,더불어민주당,찬성
2103820,류성걸,국민의힘,찬성
2103820,민형배,더불어민주당,찬성
2103820,박광온,더불어민주당,찬성
2103820,박병석,무소속,찬성
2103820,박성중,국민의힘,찬성
2103820,박용진,더불어민주당,찬성
2103820,박홍근,더불어민주당,찬성
2103820,배준영,국민의힘,찬성
2103820,서범수,국민의힘,찬성
2103820,서삼석,더불어민주당,찬성
2103820,성일종,국민의힘,찬성
2103820,송기헌,더불어민주당,찬성
2103820,송언석,무소속,찬성
2103820,송영길,더불어민주당,찬성
2103820,송재호,더불어민주당,찬성
2103820,신원식,국민의힘,찬성
2103820,신현영,더불어민주당,찬성
2103820,안규백,더불어민주당,찬성
2103820,양경숙,더불어민주당,찬성
2103820,양금희,국민의힘,찬성
2103820,양이원영,더불어민주당,찬성
2103820,오기형,더불어민주당,찬성
2103820,오영훈,더불어민주당,찬성
2103820,윤두현,국민의힘,찬성
2103820,윤영덕,더불어민주당,찬성
2103820,윤재갑,더불어민주당,찬성
2103820,윤준병,더불어민주당,찬성
2103820,윤창현,국민의힘,찬성
2103820,윤후덕,더불어민주당,찬성
2103820,이명수,국민의힘,찬성
2103820,이병훈,더불어민주당,찬성
2103820,이상헌,더불어민주당,찬성
2103820,이성만,더불어민주당,찬성
2103820,이소영,더불어민주당,찬성
2103820,이수진,더불어민주당,찬성
2103820,이영,국민의힘,찬성
2103820,이용빈,더불어민주당,찬성
2103820,이용선,더불어민주당,찬성
2103820,이원욱,더불어민주당,찬성
2103820,이종성,국민의힘,찬성
2103820,이채익,국민의힘,찬성
2103820,이철규,국민의힘,찬성
2103820,인재근,더불어민주당,찬성
2103820,임오경,더불어민주당,찬성
2103820,임이자,국민의힘,찬성
2103820,임호선,더불어민주당,찬성
2103820,장경태,더불어민주당,찬성
2103820,장철민,더불어민주당,찬성
2103820,장혜영,정의당,찬성
2103820,전주혜,국민의힘,찬성
2103820,정성호,더불어민주당,찬성
2103820,정운천,국민의힘,찬성
2103820,정찬민,국민의힘,찬성
2103820,정청래,더불어민주당,찬성
2103820,정희용,국민의힘,찬성
2103820,조명희,국민의힘,찬성
2103820,조승래,더불어민주당,찬성
2103820,조오섭,더불어민주당,찬성
2103820,조정식,더불어민주당,찬성
2103820,조정훈,시대전환,찬성
2103820,조태용,국민의힘,찬성
2103820,주철현,더불어민주당,찬성
2103820,진선미,더불어민주당,찬성
2103820,진성준,더불어민주당,찬성
2103820,천준호,더불어민주당,찬성
2103820,최연숙,국민의당,찬성
2103820,한병도,더불어민주당,찬성
2103820,허종식,더불어민주당,찬성
2103820,홍기원,더불어민주당,찬성
2103820,홍석준,국민의힘,찬성
2103820,홍성국,더불어민주당,찬성
2103820,홍익표,더불어민주당,찬성
2103820,강대식,국민의힘,찬성
2103820,강득구,더불어민주당,찬성
2103820,강민정,열린민주당,찬성
2103820,강선우,더불어민주당,찬성
2103820,강준현,더불어민주당,찬성
2103820,고민정,더불어민주당,찬성
2103820,고영인,더불어민주당,찬성
2103820,고용진,더불어민주당,찬성
2103820,곽상도,국민의힘,찬성
2103820,권인숙,더불어민주당,찬성
2103820,권칠승,더불어민주당,찬성
2103820,기동민,더불어민주당,찬성
2103820,김경협,더불어민주당,찬성
2103820,김도읍,국민의힘,찬성
2103820,김민석,더불어민주당,찬성
2103820,김병기,더불어민주당,찬성
2103820,김석기,국민의힘,찬성
2103820,김성환,더불어민주당,찬성
2103820,김수흥,더불어민주당,찬성
2103820,김승남,더불어민주당,찬성
2103820,김승원,더불어민주당,찬성
2103820,김영배,더불어민주당,찬성
2103820,김영진,더불어민주당,찬성
2103820,김영호,더불어민주당,찬성
2103820,김용판,국민의힘,찬성
2103820,김웅,국민의힘,찬성
2103820,김윤덕,더불어민주당,찬성
2103820,김은혜,국민의힘,찬성
2103820,김정재,국민의힘,찬성
2103820,김주영,더불어민주당,찬성
2103820,김태년,더불어민주당,찬성
2103820,김태흠,국민의힘,찬성
2103820,김한정,더불어민주당,찬성
2103820,김형동,국민의힘,찬성
2103820,김홍걸,무소속,찬성
2103820,김희국,국민의힘,기권
2103820,남인순,더불어민주당,찬성
2103820,류호정,정의당,찬성
2103820,맹성규,더불어민주당,찬성
2103820,문정복,더불어민주당,찬성
2103820,문진석,더불어민주당,찬성
2103820,민병덕,더불어민주당,찬성
2103820,민홍철,더불어민주당,찬성
2103820,박대수,국민의힘,찬성
2103820,박대출,국민의힘,기권
2103820,박상혁,더불어민주당,찬성
2103820,박성민,국민의힘,기권
2103820,박성준,더불어민주당,찬성
2103820,박영순,더불어민주당,찬성
2103820,박완주,더불어민주당,찬성
2103820,박재호,더불어민주당,찬성
2103820,박정,더불어민주당,찬성
2103820,박주민,더불어민주당,찬성
2103820,박진,국민의힘,찬성
2103820,박찬대,더불어민주당,찬성
2103820,박형수,국민의힘,찬성
2103820,배진교,정의당,찬성
2103820,배현진,국민의힘,찬성
2103820,백종헌,국민의힘,찬성
2103820,백혜련,더불어민주당,찬성
2103820,변재일,더불어민주당,찬성
2103820,서동용,더불어민주당,찬성
2103820,서병수,국민의힘,찬성
2103820,서영교,더불어민주당,찬성
2103820,서영석,더불어민주당,찬성
2103820,서일준,국민의힘,찬성
2103820,설훈,더불어민주당,찬성
2103820,소병철,더불어민주당,찬성
2103820,소병훈,더불어민주당,찬성
2103820,송갑석,더불어민주당,찬성
2103820,송석준,국민의힘,찬성
2103820,송옥주,더불어민주당,찬성
2103820,신동근,더불어민주당,찬성
2103820,신영대,더불어민주당,찬성
2103820,신정훈,더불어민주당,찬성
2103820,심상정,정의당,찬성
2103820,안민석,더불어민주당,찬성
2103820,안호영,더불어민주당,찬성
2103820,양기대,더불어민주당,찬성
2103820,양정숙,무소속,찬성
2103820,양향자,더불어민주당,찬성
2103820,어기구,더불어민주당,찬성
2103820,엄태영,국민의힘,찬성
2103820,오영환,더불어민주당,찬성
2103820,용혜인,기본소득당,찬성
2103820,우원식,더불어민주당,찬성
2103820,위성곤,더불어민주당,찬성
2103820,유기홍,더불어민주당,찬성
2103820,유동수,더불어민주당,찬성
2103820,유상범,국민의힘,찬성
2103820,유의동,국민의힘,찬성
2103820,유정주,더불어민주당,찬성
2103820,윤건영,더불어민주당,찬성
2103820,윤관석,더불어민주당,찬성
2103820,윤미향,더불어민주당,찬성
2103820,윤영석,국민의힘,찬성
2103820,윤영찬,더불어민주당,찬성
2103820,윤주경,국민의힘,찬성
2103820,윤한홍,국민의힘,찬성
2103820,윤호중,더불어민주당,찬성
2103820,윤희숙,국민의힘,찬성
2103820,이개호,더불어민주당,찬성
2103820,이규민,더불어민주당,찬성
2103820,이달곤,국민의힘,찬성
2103820,이동주,더불어민주당,찬성
2103820,이만희,국민의힘,찬성
2103820,이수진,더불어민주당,찬성
2103820,이용,국민의힘,찬성
2103820,이용우,더불어민주당,찬성
2103820,이원택,더불어민주당,찬성
2103820,이은주,정의당,찬성
2103820,이장섭,더불어민주당,찬성
2103820,이재정,더불어민주당,찬성
2103820,이정문,더불어민주당,찬성
2103820,이종배,국민의힘,찬성
2103820,이주환,국민의힘,찬성
2103820,이탄희,더불어민주당,찬성
2103820,이태규,국민의당,찬성
2103820,이학영,더불어민주당,찬성
2103820,이해식,더불어민주당,찬성
2103820,이헌승,국민의힘,찬성
2103820,이형석,더불어민주당,찬성
2103820,임종성,더불어민주당,찬성
2103820,전용기,더불어민주당,찬성
2103820,전재수,더불어민주당,찬성
2103820,정경희,국민의힘,찬성
2103820,정동만,국민의힘,찬성
2103820,정일영,더불어민주당,찬성
2103820,정춘숙,더불어민주당,찬성
2103820,정태호,더불어민주당,찬성
2103820,조수진,국민의힘,찬성
2103820,조응천,더불어민주당,찬성
2103820,지성호,국민의힘,찬성
2103820,최강욱,열린민주당,찬성
2103820,최기상,더불어민주당,찬성
2103820,최인호,더불어민주당,찬성
2103820,최종윤,더불어민주당,찬성
2103820,최춘식,국민의힘,찬성
2103820,최형두,국민의힘,기권
2103820,최혜영,더불어민주당,찬성
2103820,추경호,국민의힘,찬성
2103820,태영호,국민의힘,찬성
2103820,하영제,국민의힘,찬성
2103820,한무경,국민의힘,찬성
2103820,한준호,더불어민주당,찬성
2103820,허영,더불어민주당,찬성
2103820,허은아,국민의힘,찬성
2103820,홍영표,더불어민주당,찬성
2103820,홍정민,더불어민주당,찬성
2103820,황희,더불어민주당,찬성
2107251,강민국,국민의힘,찬성
2107251,강병원,더불어민주당,찬성
2107251,김경만,더불어민주당,찬성
2107251,김남국,더불어민주당,찬성
2107251,김두관,더불어민주당,찬성
2107251,김병욱,더불어민주당,찬성
2107251,김상희,더불어민주당,찬성
2107251,김선교,국민의힘,찬성
2107251,김영식,국민의힘,찬성
2107251,김예지,국민의힘,찬성
2107251,김원이,더불어민주당,찬성
2107251,김정호,더불어민주당,찬성
2107251,김진애,열린민주당,찬성
2107251,김진표,더불어민주당,찬성
2107251,도종환,더불어민주당,찬성
2107251,박병석,무소속,찬성
2107251,박성중,국민의힘,찬성
2107251,박용진,더불어민주당,찬성
2107251,서범수,국민의힘,찬성
2107251,서삼석,더불어민주당,찬성
2107251,송기헌,더불어민주당,찬성
2107251,송언석,무소속,찬성
2107251,송영길,더불어민주당,찬성
2107251,양경숙,더불어민주당,찬성
2107251,양금희,국민의힘,찬성
2107251,오기형,더불어민주당,찬성
2107251,오영훈,더불어민주당,찬성
2107251,윤영덕,더불어민주당,찬성
2107251,윤재옥,국민의힘,찬성
2107251,윤후덕,더불어민주당,찬성
2107251,이명수,국민의힘,찬성
2107251,이병훈,더불어민주당,찬성
2107251,이수진,더불어민주당,찬성
2107251,이영,국민의힘,찬성
2107251,이용빈,더불어민주당,찬성
2107251,이용선,더불어민주당,찬성
2107251,이종성,국민의힘,찬성
2107251,이채익,국민의힘,찬성
2107251,장철민,더불어민주당,찬성
2107251,전주혜,국민의힘,찬성
2107251,정성호,더불어민주당,찬성
2107251,정운천,국민의힘,찬성
2107251,정청래,더불어민주당,찬성
2107251,조명희,국민의힘,찬성
2107251,조정훈,시대전환,찬성
2107251,조태용,국민의힘,찬성
2107251,주철현,더불어민주당,찬성
2107251,진선미,더불어민주당,찬성
2107251,진성준,더불어민주당,찬성
2107251,천준호,더불어민주당,찬성
2107251,홍기원,더불어민주당,찬성
2107251,홍성국,더불어민주당,찬성
2107251,강대식,국민의힘,찬성
2107251,강득구,더불어민주당,찬성
2107251,강민정,열린민주당,찬성
2107251,강선우,더불어민주당,찬성
2107251,강준현,더불어민주당,찬성
2107251,강훈식,더불어민주당,찬성
2107251,고민정,더불어민주당,찬성
2107251,고영인,더불어민주당,찬성
2107251,고용진,더불어민주당,찬성
2107251,곽상도,국민의힘,찬성
2107251,구자근,국민의힘,찬성
2107251,권명호,국민의힘,찬성
2107251,권성동,국민의힘,찬성
2107251,권영세,국민의힘,찬성
2107251,권은희,국민의당,찬성
2107251,권인숙,더불어민주당,찬성
2107251,권칠승,더불어민주당,찬성
2107251,기동민,더불어민주당,찬성
2107251,김경협,더불어민주당,찬성
2107251,김교흥,더불어민주당,찬성
2107251,김도읍,국민의힘,찬성
2107251,김미애,국민의힘,찬성
2107251,김민기,더불어민주당,찬성
2107251,김민석,더불어민주당,찬성
2107251,김민철,더불어민주당,찬성
2107251,김병기,더불어민주당,찬성
2107251,김병주,더불어민주당,찬성
2107251,김성원,국민의힘,찬성
2107251,김성주,더불어민주당,찬성
2107251,김성환,더불어민주당,찬성
2107251,김수흥,더불어민주당,찬성
2107251,김승남,더불어민주당,찬성
2107251,김승원,더불어민주당,찬성
2107251,김영배,더불어민주당,찬성
2107251,김영주,더불어민주당,찬성
2107251,김영진,더불어민주당,찬성
2107251,김영호,더불어민주당,찬성
2107251,김용민,더불어민주당,찬성
2107251,김용판,국민의힘,찬성
2107251,김웅,국민의힘,찬성
2107251,김윤덕,더불어민주당,찬성
2107251,김은혜,국민의힘,기권
2107251,김정재,국민의힘,찬성
2107251,김주영,더불어민주당,찬성
2107251,김철민,더불어민주당,찬성
2107251,김태년,더불어민주당,찬성
2107251,김태흠,국민의힘,찬성
2107251,김한정,더불어민주당,찬성
2107251,김형동,국민의힘,찬성
2107251,김홍걸,무소속,찬성
2107251,김회재,더불어민주당,찬성
2107251,김희곤,국민의힘,찬성
2107251,김희국,국민의힘,찬성
2107251,남인순,더불어민주당,찬성
2107251,노웅래,더불어민주당,찬성
2107251,류성걸,국민의힘,찬성
2107251,류호정,정의당,찬성
2107251,맹성규,더불어민주당,찬성
2107251,문정복,더불어민주당,찬성
2107251,문진석,더불어민주당,찬성
2107251,민병덕,더불어민주당,찬성
2107251,민형배,더불어민주당,찬성
2107251,민홍철,더불어민주당,찬성
2107251,박광온,더불어민주당,찬성
2107251,박대수,국민의힘,찬성
2107251,박대출,국민의힘,찬성
2107251,박상혁,더불어민주당,찬성
2107251,박성민,국민의힘,찬성
2107251,박성준,더불어민주당,찬성
2107251,박수영,국민의힘,찬성
2107251,박영순,더불어민주당,찬성
2107251,박완수,국민의힘,찬성
2107251,박완주,더불어민주당,찬성
2107251,박재호,더불어민주당,찬성
2107251,박정,더불어민주당,찬성
2107251,박주민,더불어민주당,찬성
2107251,박진,국민의힘,찬성
2107251,박찬대,더불어민주당,찬성
2107251,박형수,국민의힘,찬성
2107251,박홍근,더불어민주당,찬성
2107251,배준영,국민의힘,찬성
2107251,배진교,정의당,찬성
2107251,배현진,국민의힘,찬성
2107251,백종헌,국민의힘,찬성
2107251,백혜련,더불어민주당,찬성
2107251,변재일,더불어민주당,찬성
2107251,서동용,더불어민주당,찬성
2107251,서병수,국민의힘,찬성
2107251,서영교,더불어민주당,찬성
2107251,서영석,더불어민주당,찬성
2107251,서일준,국민의힘,찬성
2107251,설훈,더불어민주당,찬성
2107251,소병철,더불어민주당,찬성
2107251,소병훈,더불어민주당,찬성
2107251,송갑석,더불어민주당,찬성
2107251,송석준,국민의힘,찬성
2107251,송옥주,더불어민주당,찬성
2107251,송재호,더불어민주당,찬성
2107251,신동근,더불어민주당,찬성
2107251,신영대,더불어민주당,찬성
2107251,신원식,국민의힘,찬성
2107251,신정훈,더불어민주당,찬성
2107251,신현영,더불어민주당,찬성
2107251,심상정,정의당,찬성
2107251,안규백,더불어민주당,찬성
2107251,안민석,더불어민주당,찬성
2107251,안병길,국민의힘,찬성
2107251,안호영,더불어민주당,찬성
2107251,양기대,더불어민주당,찬성
2107251,양이원영,더불어민주당,찬성
2107251,양정숙,무소속,찬성
2107251,양향자,더불어민주당,찬성
2107251,어기구,더불어민주당,찬성
2107251,엄태영,국민의힘,찬성
2107251,오영환,더불어민주당,찬성
2107251,용혜인,기본소득당,찬성
2107251,우원식,더불어민주당,찬성
2107251,위성곤,더불어민주당,찬성
2107251,유경준,국민의힘,찬성
2107251,유기홍,더불어민주당,찬성
2107251,유동수,더불어민주당,찬성
2107251,유상범,국민의힘,찬성
2107251,유의동,국민의힘,찬성
2107251,유정주,더불어민주당,찬성
2107251,윤건영,더불어민주당,찬성
2107251,윤관석,더불어민주당,찬성
2107251,윤두현,국민의힘,찬성
2107251,윤미향,더불어민주당,찬성
2107251,윤영석,국민의힘,찬성
2107251,윤영찬,더불어민주당,찬성
2107251,윤재갑,더불어민주당,찬성
2107251,윤주경,국민의힘,찬성
2107251,윤준병,더불어민주당,찬성
2107251,윤창현,국민의힘,찬성
2107251,윤한홍,국민의힘,찬성
2107251,윤호중,더불어민주당,찬성
2107251,윤희숙,국민의힘,찬성
2107251,이개호,더불어민주당,찬성
2107251,이규민,더불어민주당,찬성
2107251,이달곤,국민의힘,찬성
2107251,이동주,더불어민주당,찬성
2107251,이만희,국민의힘,찬성
2107251,이상헌,더불어민주당,찬성
2107251,이성만,더불어민주당,찬성
2107251,이소영,더불어민주당,찬성
2107251,이수진,더불어민주당,찬성
2107251,이용,국민의힘,찬성
2107251,이용우,더불어민주당,찬성
2107251,이원욱,더불어민주당,찬성
2107251,이원택,더불어민주당,찬성
2107251,이은주,정의당,찬성
2107251,이장섭,더불어민주당,찬성
2107251,이재정,더불어민주당,찬성
2107251,이정문,더불어민주당,찬성
2107251,이종배,국민의힘,찬성
2107251,이주환,국민의힘,찬성
2107251,이철규,국민의힘,찬성
2107251,이탄희,더불어민주당,찬성
2107251,이태규,국민의당,찬성
2107251,이학영,더불어민주당,찬성
2107251,이해식,더불어민주당,찬성
2107251,이헌승,국민의힘,찬성
2107251,이형석,더불어민주당,찬성
2107251,인재근,더불어민주당,찬성
2107251,임오경,더불어민주당,찬성
2107251,임이자,국민의힘,찬성
2107251,임종성,더불어민주당,찬성
2107251,임호선,더불어민주당,찬성
2107251,장경태,더불어민주당,찬성
2107251,장제원,국민의힘,찬성
2107251,장혜영,정의당,찬성
2107251,전용기,더불어민주당,찬성
2107251,전재수,더불어민주당,찬성
2107251,전혜숙,더불어민주당,찬성
2107251,정경희,국민의힘,찬성
2107251,정동만,국민의힘,찬성
2107251,정일영,더불어민주당,찬성
2107251,정찬민,국민의힘,찬성
2107251,정춘숙,더불어민주당,찬성
2107251,정태호,더불어민주당,찬성
2107251,정필모,더불어민주당,찬성
2107251,정희용,국민의힘,찬성
2107251,조수진,국민의힘,찬성
2107251,조승래,더불어민주당,찬성
2107251,조오섭,더불어민주당,찬성
2107251,조응천,더불어민주당,찬성
2107251,조정식,더불어민주당,찬성
2107251,지성호,국민의힘,찬성
2107251,최강욱,열린민주당,찬성
2107251,최기상,더불어민주당,찬성
2107251,최승재,국민의힘,찬성
2107251,최연숙,국민의당,찬성
2107251,최인호,더불어민주당,찬성
2107251,최종윤,더불어민주당,찬성
2107251,최춘식,국민의힘,찬성
2107251,최형두,국민의힘,찬성
2107251,최혜영,더불어민주당,찬성
2107251,추경호,국민의힘,찬성
2107251,태영호,국민의힘,찬성
2107251,하영제,국민의힘,찬성
2107251,한기호,국민의힘,찬성
2107251,한무경,국민의힘,기권
2107251,한병도,더불어민주당,찬성
2107251,한준호,더불어민주당,찬성
2107251,허영,더불어민주당,찬성
2107251,허은아,국민의힘,찬성
2107251,허종식,더불어민주당,찬성
2107251,홍석준,국민의힘,찬성
2107251,홍영표,더불어민주당,찬성
2107251,홍익표,더불어민주당,찬성
2107251,홍정민,더불어민주당,찬성
2107251,홍준표,무소속,찬성
2107251,황보승희,국민의힘,찬성
2107251,황희,더불어민주당,찬성
2107250,강민국,국민의힘,찬성
2107250,김두관,더불어민주당,찬성
2107250,김원이,더불어민주당,찬성
2107250,김진표,더불어민주당,찬성
2107250,송영길,더불어민주당,찬성
2107250,양금희,국민의힘,찬성
2107250,오영훈,더불어민주당,찬성
2107250,이용빈,더불어민주당,찬성
2107250,이종성,국민의힘,찬성
2107250,전주혜,국민의힘,찬성
2107250,정청래,더불어민주당,찬성
2107250,조명희,국민의힘,찬성
2107250,조정훈,시대전환,찬성
2107250,조태용,국민의힘,기권
2107250,홍성국,더불어민주당,찬성
2107250,강대식,국민의힘,찬성
2107250,강득구,더불어민주당,찬성
2107250,강민정,열린민주당,찬성
2107250,강병원,더불어민주당,찬성
2107250,강선우,더불어민주당,찬성
2107250,강준현,더불어민주당,찬성
2107250,강훈식,더불어민주당,찬성
2107250,고민정,더불어민주당,찬성
2107250,고영인,더불어민주당,찬성
2107250,고용진,더불어민주당,찬성
2107250,곽상도,국민의힘,찬성
2107250,구자근,국민의힘,찬성
2107250,권명호,국민의힘,기권
2107250,권성동,국민의힘,찬성
2107250,권영세,국민의힘,찬성
2107250,권은희,국민의당,찬성
2107250,권인숙,더불어민주당,찬성
2107250,권칠승,더불어민주당,찬성
2107250,기동민,더불어민주당,찬성
2107250,김경만,더불어민주당,찬성
2107250,김교흥,더불어민주당,찬성
2107250,김남국,더불어민주당,찬성
2107250,김도읍,국민의힘,찬성
2107250,김미애,국민의힘,찬성
2107250,김민기,더불어민주당,찬성
2107250,김민석,더불어민주당,찬성
2107250,김민철,더불어민주당,찬성
2107250,김병기,더불어민주당,찬성
2107250,김병욱,더불어민주당,찬성
2107250,김병주,더불어민주당,찬성
2107250,김상희,더불어민주당,찬성
2107250,김선교,국민의힘,찬성
2107250,김성원,국민의힘,찬성
2107250,김성주,더불어민주당,찬성
2107250,김수흥,더불어민주당,찬성
2107250,김승남,더불어민주당,찬성
2107250,김승원,더불어민주당,찬성
2107250,김영배,더불어민주당,찬성
2107250,김영식,국민의힘,찬성
2107250,김영주,더불어민주당,찬성
2107250,김영호,더불어민주당,찬성
2107250,김예지,국민의힘,찬성
2107250,김용민,더불어민주당,찬성
2107250,김용판,국민의힘,찬성
2107250,김웅,국민의힘,기권
2107250,김윤덕,더불어민주당,찬성
2107250,김은혜,국민의힘,기권
2107250,김정재,국민의힘,찬성
2107250,김정호,더불어민주당,찬성
2107250,김진애,열린민주당,찬성
2107250,김철민,더불어민주당,찬성
2107250,김태년,더불어민주당,찬성
2107250,김태흠,국민의힘,찬성
2107250,김형동,국민의힘,찬성
2107250,김홍걸,무소속,찬성
2107250,김회재,더불어민주당,찬성
2107250,김희곤,국민의힘,찬성
2107250,김희국,국민의힘,찬성
2107250,남인순,더불어민주당,찬성
2107250,노웅래,더불어민주당,찬성
2107250,도종환,더불어민주당,찬성
2107250,류성걸,국민의힘,찬성
2107250,류호정,정의당,찬성
2107250,맹성규,더불어민주당,찬성
2107250,문정복,더불어민주당,찬성
2107250,문진석,더불어민주당,찬성
2107250,민병덕,더불어민주당,찬성
2107250,민형배,더불어민주당,찬성
2107250,민홍철,더불어민주당,찬성
2107250,박광온,더불어민주당,찬성
2107250,박대수,국민의힘,찬성
2107250,박대출,국민의힘,찬성
2107250,박병석,무소속,찬성
2107250,박상혁,더불어민주당,찬성
2107250,박성민,국민의힘,기권
2107250,박성준,더불어민주당,찬성
2107250,박성중,국민의힘,찬성
2107250,박수영,국민의힘,찬성
2107250,박영순,더불어민주당,찬성
2107250,박완주,더불어민주당,찬성
2107250,박용진,더불어민주당,찬성
2107250,박재호,더불어민주당,찬성
2107250,박정,더불어민주당,찬성
2107250,박주민,더불어민주당,찬성
2107250,박진,국민의힘,찬성
2107250,박찬대,더불어민주당,찬성
2107250,박형수,국민의힘,기권
2107250,박홍근,더불어민주당,찬성
2107250,배준영,국민의힘,찬성
2107250,배진교,정의당,찬성
2107250,배현진,국민의힘,찬성
2107250,백종헌,국민의힘,찬성
2107250,백혜련,더불어민주당,찬성
2107250,서동용,더불어민주당,찬성
2107250,서범수,국민의힘,찬성
2107250,서병수,국민의힘,찬성
2107250,서삼석,더불어민주당,찬성
2107250,서영교,더불어민주당,찬성
2107250,서영석,더불어민주당,찬성
2107250,서일준,국민의힘,기권
2107250,설훈,더불어민주당,찬성
2107250,성일종,국민의힘,찬성
2107250,소병훈,더불어민주당,찬성
2107250,송갑석,더불어민주당,찬성
2107250,송기헌,더불어민주당,찬성
2107250,송석준,국민의힘,찬성
2107250,송언석,무소속,찬성
2107250,송재호,더불어민주당,찬성
2107250,신영대,더불어민주당,찬성
2107250,신원식,국민의힘,찬성
2107250,신정훈,더불어민주당,찬성
2107250,신현영,더불어민주당,찬성
2107250,심상정,정의당,찬성
2107250,안규백,더불어민주당,찬성
2107250,안민석,더불어민주당,찬성
2107250,안병길,국민의힘,찬성
2107250,양경숙,더불어민주당,찬성
2107250,양기대,더불어민주당,찬성
2107250,양이원영,더불어민주당,찬성
2107250,양향자,더불어민주당,찬성
2107250,어기구,더불어민주당,찬성
2107250,오기형,더불어민주당,찬성
2107250,오영환,더불어민주당,찬성
2107250,용혜인,기본소득당,찬성
2107250,우원식,더불어민주당,찬성
2107250,위성곤,더불어민주당,찬성
2107250,유경준,국민의힘,찬성
2107250,유기홍,더불어민주당,찬성
2107250,유동수,더불어민주당,찬성
2107250,유상범,국민의힘,찬성
2107250,유의동,국민의힘,찬성
2107250,유정주,더불어민주당,찬성
2107250,윤건영,더불어민주당,찬성
2107250,윤관석,더불어민주당,찬성
2107250,윤두현,국민의힘,기권
2107250,윤미향,더불어민주당,찬성
2107250,윤영덕,더불어민주당,찬성
2107250,윤영석,국민의힘,찬성
2107250,윤영찬,더불어민주당,찬성
2107250,윤재갑,더불어민주당,찬성
2107250,윤재옥,국민의힘,찬성
2107250,윤주경,국민의힘,찬성
2107250,윤준병,더불어민주당,찬성
2107250,윤창현,국민의힘,찬성
2107250,윤한홍,국민의힘,찬성
2107250,윤호중,더불어민주당,찬성
2107250,윤후덕,더불어민주당,찬성
2107250,윤희숙,국민의힘,찬성
2107250,이개호,더불어민주당,찬성
2107250,이규민,더불어민주당,찬성
2107250,이낙연,더불어민주당,찬성
2107250,이달곤,국민의힘,찬성
2107250,이명수,국민의힘,찬성
2107250,이병훈,더불어민주당,찬성
2107250,이상헌,더불어민주당,찬성
2107250,이성만,더불어민주당,찬성
2107250,이소영,더불어민주당,찬성
2107250,이수진,더불어민주당,찬성
2107250,이수진,더불어민주당,찬성
2107250,이영,국민의힘,찬성
2107250,이용,국민의힘,찬성
2107250,이용선,더불어민주당,찬성
2107250,이용우,더불어민주당,찬성
2107250,이원욱,더불어민주당,찬성
2107250,이은주,정의당,찬성
2107250,이장섭,더불어민주당,찬성
2107250,이재정,더불어민주당,찬성
2107250,이주환,국민의힘,찬성
2107250,이채익,국민의힘,찬성
2107250,이철규,국민의힘,찬성
2107250,이탄희,더불어민주당,찬성
2107250,이태규,국민의당,찬성
2107250,이학영,더불어민주당,찬성
2107250,이해식,더불어민주당,찬성
2107250,이헌승,국민의힘,찬성
2107250,이형석,더불어민주당,찬성
2107250,인재근,더불어민주당,찬성
2107250,임오경,더불어민주당,찬성
2107250,임이자,국민의힘,찬성
2107250,임종성,더불어민주당,찬성
2107250,임호선,더불어민주당,찬성
2107250,장경태,더불어민주당,찬성
2107250,장제원,국민의힘,찬성
2107250,장철민,더불어민주당,찬성
2107250,장혜영,정의당,찬성
2107250,전혜숙,더불어민주당,찬성
2107250,정동만,국민의힘,찬성
2107250,정성호,더불어민주당,찬성
2107250,정운천,국민의힘,찬성
2107250,정일영,더불어민주당,찬성
2107250,정찬민,국민의힘,찬성
2107250,정춘숙,더불어민주당,찬성
2107250,정태호,더불어민주당,찬성
2107250,정필모,더불어민주당,찬성
2107250,정희용,국민의힘,찬성
2107250,조수진,국민의힘,찬성
2107250,조승래,더불어민주당,찬성
2107250,조오섭,더불어민주당,찬성
2107250,조정식,더불어민주당,찬성
2107250,주철현,더불어민주당,찬성
2107250,지성호,국민의힘,찬성
2107250,진선미,더불어민주당,찬성
2107250,진성준,더불어민주당,찬성
2107250,천준호,더불어민주당,찬성
2107250,최강욱,열린민주당,찬성
2107250,최기상,더불어민주당,찬성
2107250,최승재,국민의힘,찬성
2107250,최연숙,국민의당,찬성
2107250,최인호,더불어민주당,찬성
2107250,최종윤,더불어민주당,찬성
2107250,최춘식,국민의힘,찬성
2107250,최형두,국민의힘,찬성
2107250,최혜영,더불어민주당,찬성
2107250,추경호,국민의힘,찬성
2107250,태영호,국민의힘,찬성
2107250,하영제,국민의힘,찬성
2107250,한기호,국민의힘,찬성
2107250,한무경,국민의힘,찬성
2107250,한병도,더불어민주당,찬성
2107250,한준호,더불어민주당,찬성
2107250,허영,더불어민주당,찬성
2107250,허은아,국민의힘,찬성
2107250,허종식,더불어민주당,찬성
2107250,홍기원,더불어민주당,찬성
2107250,홍석준,국민의힘,기권
2107250,홍영표,더불어민주당,찬성
2107250,홍익표,더불어민주당,찬성
2107250,홍준표,무소속,찬성
2107250,황희,더불어민주당,찬성
2107250,김경협,더불어민주당,찬성
2107250,김성환,더불어민주당,찬성
2107250,김주영,더불어민주당,찬성
2107250,김한정,더불어민주당,찬성
2107250,박완수,국민의힘,찬성
2107250,소병철,더불어민주당,찬성
2107250,송옥주,더불어민주당,찬성
2107250,신동근,더불어민주당,찬성
2107250,안호영,더불어민주당,찬성
2107250,양정숙,무소속,찬성
2107250,이동주,더불어민주당,찬성
2107250,이만희,국민의힘,찬성
2107250,이원택,더불어민주당,찬성
2107250,이정문,더불어민주당,찬성
2107250,전용기,더불어민주당,찬성
2107250,전재수,더불어민주당,찬성
2107250,정경희,국민의힘,찬성
2107250,조응천,더불어민주당,찬성
2107250,홍정민,더불어민주당,찬성
2107250,황보승희,국민의힘,찬성
2107249,강민국,국민의힘,기권
2107249,강병원,더불어민주당,찬성
2107249,김경만,더불어민주당,기권
2107249,김남국,더불어민주당,찬성
2107249,김두관,더불어민주당,찬성
2107249,김민기,더불어민주당,찬성
2107249,김병욱,더불어민주당,찬성
2107249,김상희,더불어민주당,찬성
2107249,김선교,국민의힘,기권
2107249,김성주,더불어민주당,찬성
2107249,김영식,국민의힘,기권
2107249,김영주,더불어민주당,찬성
2107249,김예지,국민의힘,기권
2107249,김원이,더불어민주당,찬성
2107249,김정호,더불어민주당,찬성
2107249,김진애,열린민주당,기권
2107249,김진표,더불어민주당,찬성
2107249,김철민,더불어민주당,찬성
2107249,김회재,더불어민주당,찬성
2107249,도종환,더불어민주당,찬성
2107249,박광온,더불어민주당,찬성
2107249,박병석,무소속,찬성
2107249,박용진,더불어민주당,기권
2107249,배준영,국민의힘,기권
2107249,서범수,국민의힘,반대
2107249,서삼석,더불어민주당,찬성
2107249,성일종,국민의힘,기권
2107249,송기헌,더불어민주당,찬성
2107249,송언석,무소속,기권
2107249,송영길,더불어민주당,찬성
2107249,신현영,더불어민주당,찬성
2107249,안규백,더불어민주당,찬성
2107249,양경숙,더불어민주당,찬성
2107249,양금희,국민의힘,반대
2107249,양이원영,더불어민주당,찬성
2107249,오기형,더불어민주당,찬성
2107249,오영훈,더불어민주당,찬성
2107249,윤두현,국민의힘,반대
2107249,윤영덕,더불어민주당,찬성
2107249,윤재옥,국민의힘,반대
2107249,윤준병,더불어민주당,찬성
2107249,윤후덕,더불어민주당,찬성
2107249,이낙연,더불어민주당,찬성
2107249,이병훈,더불어민주당,찬성
2107249,이수진,더불어민주당,찬성
2107249,이영,국민의힘,반대
2107249,이용빈,더불어민주당,찬성
2107249,이용선,더불어민주당,찬성
2107249,이종성,국민의힘,기권
2107249,인재근,더불어민주당,찬성
2107249,임호선,더불어민주당,찬성
2107249,장제원,국민의힘,반대
2107249,장철민,더불어민주당,기권
2107249,전주혜,국민의힘,찬성
2107249,정성호,더불어민주당,찬성
2107249,정운천,국민의힘,반대
2107249,정찬민,국민의힘,찬성
2107249,정청래,더불어민주당,찬성
2107249,조명희,국민의힘,반대
2107249,조정훈,시대전환,찬성
2107249,조태용,국민의힘,반대
2107249,주철현,더불어민주당,찬성
2107249,주호영,국민의힘,기권
2107249,진선미,더불어민주당,찬성
2107249,진성준,더불어민주당,찬성
2107249,천준호,더불어민주당,찬성
2107249,홍기원,더불어민주당,찬성
2107249,홍석준,국민의힘,반대
2107249,홍성국,더불어민주당,찬성
2107249,강대식,국민의힘,기권
2107249,강득구,더불어민주당,찬성
2107249,강민정,열린민주당,기권
2107249,강선우,더불어민주당,찬성
2107249,강은미,정의당,기권
2107249,강준현,더불어민주당,찬성
2107249,강훈식,더불어민주당,찬성
2107249,고민정,더불어민주당,찬성
2107249,고영인,더불어민주당,찬성
2107249,고용진,더불어민주당,찬성
2107249,곽상도,국민의힘,반대
2107249,구자근,국민의힘,기권
2107249,권명호,국민의힘,기권
2107249,권성동,국민의힘,반대
2107249,권영세,국민의힘,반대
2107249,권은희,국민의당,반대
2107249,권인숙,더불어민주당,찬성
2107249,권칠승,더불어민주당,찬성
2107249,기동민,더불어민주당,찬성
2107249,김교흥,더불어민주당,찬성
2107249,김도읍,국민의힘,기권
2107249,김미애,국민의힘,기권
2107249,김민석,더불어민주당,찬성
2107249,김민철,더불어민주당,찬성
2107249,김병기,더불어민주당,찬성
2107249,김병주,더불어민주당,찬성
2107249,김석기,국민의힘,반대
2107249,김성원,국민의힘,기권
2107249,김성환,더불어민주당,찬성
2107249,김수흥,더불어민주당,찬성
2107249,김승남,더불어민주당,찬성
2107249,김승원,더불어민주당,찬성
2107249,김영배,더불어민주당,찬성
2107249,김영진,더불어민주당,찬성
2107249,김영호,더불어민주당,찬성
2107249,김용민,더불어민주당,찬성
2107249,김용판,국민의힘,반대
2107249,김웅,국민의힘,기권
2107249,김윤덕,더불어민주당,찬성
2107249,김은혜,국민의힘,기권
2107249,김정재,국민의힘,기권
2107249,김주영,더불어민주당,기권
2107249,김태년,더불어민주당,찬성
2107249,김태흠,국민의힘,반대
2107249,김한정,더불어민주당,찬성
2107249,김형동,국민의힘,기권
2107249,김홍걸,무소속,기권
2107249,김희곤,국민의힘,반대
2107249,김희국,국민의힘,반대
2107249,남인순,더불어민주당,찬성
2107249,노웅래,더불어민주당,찬성
2107249,류성걸,국민의힘,반대
2107249,류호정,정의당,기권
2107249,맹성규,더불어민주당,찬성
2107249,문정복,더불어민주당,찬성
2107249,문진석,더불어민주당,찬성
2107249,민병덕,더불어민주당,찬성
2107249,민형배,더불어민주당,찬성
2107249,민홍철,더불어민주당,찬성
2107249,박대수,국민의힘,기권
2107249,박대출,국민의힘,기권
2107249,박상혁,더불어민주당,찬성
2107249,박성민,국민의힘,반대
2107249,박성준,더불어민주당,찬성
2107249,박수영,국민의힘,반대
2107249,박영순,더불어민주당,찬성
2107249,박완수,국민의힘,반대
2107249,박완주,더불어민주당,찬성
2107249,박재호,더불어민주당,찬성
2107249,박정,더불어민주당,찬성
2107249,박주민,더불어민주당,찬성
2107249,박진,국민의힘,반대
2107249,박찬대,더불어민주당,찬성
2107249,박형수,국민의힘,반대
2107249,박홍근,더불어민주당,찬성
2107249,배진교,정의당,기권
2107249,배현진,국민의힘,반대
2107249,백종헌,국민의힘,반대
2107249,백혜련,더불어민주당,찬성
2107249,변재일,더불어민주당,찬성
2107249,서동용,더불어민주당,찬성
2107249,서병수,국민의힘,반대
2107249,서영교,더불어민주당,찬성
2107249,서영석,더불어민주당,찬성
2107249,서일준,국민의힘,기권
2107249,설훈,더불어민주당,찬성
2107249,소병철,더불어민주당,찬성
2107249,소병훈,더불어민주당,찬성
2107249,송갑석,더불어민주당,찬성
2107249,송석준,국민의힘,반대
2107249,송옥주,더불어민주당,찬성
2107249,송재호,더불어민주당,찬성
2107249,신동근,더불어민주당,찬성
2107249,신영대,더불어민주당,찬성
2107249,신원식,국민의힘,반대
2107249,신정훈,더불어민주당,찬성
2107249,심상정,정의당,기권
2107249,안민석,더불어민주당,찬성
2107249,안병길,국민의힘,반대
2107249,안호영,더불어민주당,찬성
2107249,양기대,더불어민주당,찬성
2107249,양정숙,무소속,찬성
2107249,양향자,더불어민주당,찬성
2107249,어기구,더불어민주당,찬성
2107249,엄태영,국민의힘,기권
2107249,오영환,더불어민주당,찬성
2107249,용혜인,기본소득당,찬성
2107249,우원식,더불어민주당,찬성
2107249,위성곤,더불어민주당,찬성
2107249,유경준,국민의힘,반대
2107249,유기홍,더불어민주당,찬성
2107249,유동수,더불어민주당,찬성
2107249,유상범,국민의힘,찬성
2107249,유의동,국민의힘,기권
2107249,유정주,더불어민주당,찬성
2107249,윤건영,더불어민주당,찬성
2107249,윤관석,더불어민주당,찬성
2107249,윤미향,더불어민주당,찬성
2107249,윤영석,국민의힘,찬성
2107249,윤영찬,더불어민주당,찬성
2107249,윤재갑,더불어민주당,찬성
2107249,윤주경,국민의힘,기권
2107249,윤창현,국민의힘,기권
2107249,윤한홍,국민의힘,반대
2107249,윤호중,더불어민주당,찬성
2107249,윤희숙,국민의힘,기권
2107249,이개호,더불어민주당,찬성
2107249,이규민,더불어민주당,찬성
2107249,이달곤,국민의힘,기권
2107249,이동주,더불어민주당,찬성
2107249,이만희,국민의힘,기권
2107249,이상민,더불어민주당,찬성
2107249,이상헌,더불어민주당,찬성
2107249,이성만,더불어민주당,찬성
2107249,이소영,더불어민주당,찬성
2107249,이수진,더불어민주당,찬성
2107249,이용,국민의힘,기권
2107249,이용우,더불어민주당,찬성
2107249,이원욱,더불어민주당,반대
2107249,이원택,더불어민주당,찬성
2107249,이은주,정의당,기권
2107249,이장섭,더불어민주당,찬성
2107249,이정문,더불어민주당,찬성
2107249,이종배,국민의힘,기권
2107249,이주환,국민의힘,기권
2107249,이철규,국민의힘,기권
2107249,이태규,국민의당,반대
2107249,이학영,더불어민주당,찬성
2107249,이해식,더불어민주당,찬성
2107249,이헌승,국민의힘,반대
2107249,이형석,더불어민주당,찬성
2107249,임오경,더불어민주당,찬성
2107249,임이자,국민의힘,기권
2107249,임종성,더불어민주당,찬성
2107249,장경태,더불어민주당,찬성
2107249,장혜영,정의당,기권
2107249,전용기,더불어민주당,찬성
2107249,전재수,더불어민주당,찬성
2107249,전혜숙,더불어민주당,찬성
2107249,정경희,국민의힘,반대
2107249,정동만,국민의힘,기권
2107249,정일영,더불어민주당,찬성
2107249,정춘숙,더불어민주당,찬성
2107249,정태호,더불어민주당,찬성
2107249,정필모,더불어민주당,찬성
2107249,정희용,국민의힘,기권
2107249,조수진,국민의힘,기권
2107249,조승래,더불어민주당,찬성
2107249,조오섭,더불어민주당,찬성
2107249,조응천,더불어민주당,찬성
2107249,조정식,더불어민주당,찬성
2107249,지성호,국민의힘,기권
2107249,최강욱,열린민주당,기권
2107249,최승재,국민의힘,기권
2107249,최연숙,국민의당,반대
2107249,최종윤,더불어민주당,찬성
2107249,최춘식,국민의힘,반대
2107249,최형두,국민의힘,반대
2107249,최혜영,더불어민주당,찬성
2107249,추경호,국민의힘,반대
2107249,태영호,국민의힘,기권
2107249,하영제,국민의힘,기권
2107249,하태경,국민의힘,기권
2107249,한기호,국민의힘,반대
2107249,한무경,국민의힘,반대
2107249,한병도,더불어민주당,찬성
2107249,한준호,더불어민주당,찬성
2107249,허영,더불어민주당,찬성
2107249,허은아,국민의힘,기권
2107249,허종식,더불어민주당,찬성
2107249,홍영표,더불어민주당,찬성
2107249,홍익표,더불어민주당,찬성
2107249,홍정민,더불어민주당,찬성
2107249,홍준표,무소속,반대
2107249,황보승희,국민의힘,기권
2107249,황희,더불어민주당,찬성
2107249,김경협,더불어민주당,찬성
